IMPORTED_MODULE Init.Prelude
IMPORTED_MODULE Init.Coe
IMPORTED_MODULE Init.Notation
IMPORTED_MODULE Init.Tactics
IMPORTED_MODULE Init.SizeOf
IMPORTED_MODULE Init.Core
IMPORTED_MODULE Init.BinderNameHint
IMPORTED_MODULE Init.Control.Basic
IMPORTED_MODULE Init.Control.Id
IMPORTED_MODULE Init.Control.Except
IMPORTED_MODULE Init.Control.State
IMPORTED_MODULE Init.Data.Cast
IMPORTED_MODULE Init.SimpLemmas
IMPORTED_MODULE Init.Data.Zero
IMPORTED_MODULE Init.Data.NeZero
IMPORTED_MODULE Init.Data.Nat.Basic
IMPORTED_MODULE Init.WF
IMPORTED_MODULE Init.MetaTypes
IMPORTED_MODULE Init.WFTactics
IMPORTED_MODULE Init.Data.Nat.Div.Basic
IMPORTED_MODULE Init.Data.Int.Basic
IMPORTED_MODULE Init.Data.List.Notation
IMPORTED_MODULE Init.Data.List.Basic
IMPORTED_MODULE Init.Data.Nat.Bitwise.Basic
IMPORTED_MODULE Init.Data.Fin.Basic
IMPORTED_MODULE Init.Data.BitVec.BasicAux
IMPORTED_MODULE Init.Data.UInt.BasicAux
IMPORTED_MODULE Init.Data.Char.Basic
IMPORTED_MODULE Init.Data.String.Basic
IMPORTED_MODULE Init.Data.Format.Basic
IMPORTED_MODULE Init.Data.Repr
IMPORTED_MODULE Init.Data.Option.Basic
IMPORTED_MODULE Init.Data.ToString.Basic
IMPORTED_MODULE Init.Util
IMPORTED_MODULE Init.GetElem
IMPORTED_MODULE Init.Data.List.ToArrayImpl
IMPORTED_MODULE Init.Data.Array.Set
IMPORTED_MODULE Init.Data.Array.Basic
IMPORTED_MODULE Init.Data.Array.Subarray
IMPORTED_MODULE Init.Syntax
IMPORTED_MODULE Init.Data.Array.GetLit
IMPORTED_MODULE Init.Data.Option.BasicAux
IMPORTED_MODULE Init.Meta
IMPORTED_MODULE Init.Conv
IMPORTED_MODULE Init.While
IMPORTED_MODULE Init.NotationExtra
IMPORTED_MODULE Init.TacticsExtra
IMPORTED_MODULE Init.PropLemmas
IMPORTED_MODULE Init.Classical
IMPORTED_MODULE Init.ByCases
IMPORTED_MODULE Init.RCases
IMPORTED_MODULE Init.Control.EState
IMPORTED_MODULE Init.Control.Reader
IMPORTED_MODULE Init.System.ST
IMPORTED_MODULE Init.Control.StateRef
IMPORTED_MODULE Init.Control.Option
IMPORTED_MODULE Init.Control.Lawful.Basic
IMPORTED_MODULE Init.Data.ToString.Macro
IMPORTED_MODULE Init.Ext
IMPORTED_MODULE Init.Control.Lawful.Instances
IMPORTED_MODULE Init.Control.Lawful.Lemmas
IMPORTED_MODULE Init.Control.Lawful
IMPORTED_MODULE Init.Control.StateCps
IMPORTED_MODULE Init.Control.ExceptCps
IMPORTED_MODULE Init.Control
IMPORTED_MODULE Init.Data.Bool
IMPORTED_MODULE Init.Data.Int.Lemmas
IMPORTED_MODULE Init.Data.Nat.MinMax
IMPORTED_MODULE Init.Data.Prod
IMPORTED_MODULE Init.Data.RArray
IMPORTED_MODULE Init.Data.Nat.Linear
IMPORTED_MODULE Init.Data.Nat.Log2
IMPORTED_MODULE Init.Data.Nat.Power2
IMPORTED_MODULE Init.Data.Int.DivMod.Basic
IMPORTED_MODULE Init.Data.Int.Order
IMPORTED_MODULE Init.Data.Nat.Dvd
IMPORTED_MODULE Init.Data.Int.DivMod.Bootstrap
IMPORTED_MODULE Init.Omega.Int
IMPORTED_MODULE Init.Data.Option.Instances
IMPORTED_MODULE Init.Data.BEq
IMPORTED_MODULE Init.Data.Option.Lemmas
IMPORTED_MODULE Init.Data.List.BasicAux
IMPORTED_MODULE Init.Data.List.Control
IMPORTED_MODULE Init.BinderPredicates
IMPORTED_MODULE Init.Data.List.Lemmas
IMPORTED_MODULE Init.Data.List.TakeDrop
IMPORTED_MODULE Init.Data.Function
IMPORTED_MODULE Init.Data.List.Zip
IMPORTED_MODULE Init.Data.Nat.Gcd
IMPORTED_MODULE Init.Omega.IntList
IMPORTED_MODULE Init.Omega.Coeffs
IMPORTED_MODULE Init.Omega.LinearCombo
IMPORTED_MODULE Init.Omega.Constraint
IMPORTED_MODULE Init.Omega.Logic
IMPORTED_MODULE Init.Omega
IMPORTED_MODULE Init.Data.Nat.Lemmas
IMPORTED_MODULE Init.Data.Int.Pow
IMPORTED_MODULE Init.Data.Nat.Simproc
IMPORTED_MODULE Init.Data.Nat.Bitwise.Lemmas
IMPORTED_MODULE Init.Data.Int.Bitwise.Basic
IMPORTED_MODULE Init.Data.Nat.Div.Lemmas
IMPORTED_MODULE Init.Data.Int.DivMod.Lemmas
IMPORTED_MODULE Init.Data.Int.Bitwise.Lemmas
IMPORTED_MODULE Init.Data.Int.Bitwise
IMPORTED_MODULE Init.Data.BitVec.Basic
IMPORTED_MODULE Init.Data.UInt.Basic
IMPORTED_MODULE Init.Data.Fin.Log2
IMPORTED_MODULE Init.Data.UInt.Log2
IMPORTED_MODULE Init.Data.Fin.Lemmas
IMPORTED_MODULE Init.Data.Nat.Bitwise
IMPORTED_MODULE Init.Data.Fin.Bitwise
IMPORTED_MODULE Init.Data.Nat.Mod
IMPORTED_MODULE Init.Data.Int.LemmasAux
IMPORTED_MODULE Init.Data.BitVec.Lemmas
IMPORTED_MODULE Init.Data.Fin.Iterate
IMPORTED_MODULE Init.Data.BitVec.Folds
IMPORTED_MODULE Init.Data.BitVec.Bitblast
IMPORTED_MODULE Init.System.Platform
IMPORTED_MODULE Init.Data.UInt.Lemmas
IMPORTED_MODULE Init.Data.UInt.Bitwise
IMPORTED_MODULE Init.Data.UInt
IMPORTED_MODULE Init.Data.ByteArray.Basic
IMPORTED_MODULE Init.Data.ByteArray
IMPORTED_MODULE Init.Data.String.Extra
IMPORTED_MODULE Init.Data.Basic
IMPORTED_MODULE Init.Data.Nat.Control
IMPORTED_MODULE Init.Data.Nat.SOM
IMPORTED_MODULE Init.Data.Nat.Lcm
IMPORTED_MODULE Init.Data.Char.Lemmas
IMPORTED_MODULE Init.Data.List.Sublist
IMPORTED_MODULE Init.Data.List.Count
IMPORTED_MODULE Init.Data.Subtype
IMPORTED_MODULE Init.Data.List.Attach
IMPORTED_MODULE Init.Data.List.Pairwise
IMPORTED_MODULE Init.Data.List.Range
IMPORTED_MODULE Init.Data.List.Find
IMPORTED_MODULE Init.Data.List.Nat.TakeDrop
IMPORTED_MODULE Init.Data.List.Lex
IMPORTED_MODULE Init.Data.String.Lemmas
IMPORTED_MODULE Init.Data.String
IMPORTED_MODULE Init.Data.SInt.Basic
IMPORTED_MODULE Init.Data.List.Erase
IMPORTED_MODULE Init.Data.List.Nat.Erase
IMPORTED_MODULE Init.Data.List.Nat.Modify
IMPORTED_MODULE Init.Data.List.MinMax
IMPORTED_MODULE Init.Data.List.Nat.Basic
IMPORTED_MODULE Init.Data.List.Monadic
IMPORTED_MODULE Init.Data.Fin.Fold
IMPORTED_MODULE Init.Data.List.OfFn
IMPORTED_MODULE Init.Data.Array.Mem
IMPORTED_MODULE Init.Data.List.Nat.BEq
IMPORTED_MODULE Init.Data.Array.DecidableEq
IMPORTED_MODULE Init.Data.Range.Basic
IMPORTED_MODULE Init.Data.Range.Lemmas
IMPORTED_MODULE Init.Data.Range
IMPORTED_MODULE Init.Data.Array.Lex.Basic
IMPORTED_MODULE Init.Data.Array.Bootstrap
IMPORTED_MODULE Init.Data.List.Impl
IMPORTED_MODULE Init.Data.List.Nat.InsertIdx
IMPORTED_MODULE Init.Data.List.ToArray
IMPORTED_MODULE Init.Data.Array.Lemmas
IMPORTED_MODULE Init.Data.List.Nat.Count
IMPORTED_MODULE Init.Data.Array.Count
IMPORTED_MODULE Init.Data.Array.Attach
IMPORTED_MODULE Init.Data.Array.OfFn
IMPORTED_MODULE Init.Data.List.Nat.Range
IMPORTED_MODULE Init.Data.Option.List
IMPORTED_MODULE Init.Data.Option.Attach
IMPORTED_MODULE Init.Data.List.MapIdx
IMPORTED_MODULE Init.Data.Array.MapIdx
IMPORTED_MODULE Init.Data.Array.InsertIdx
IMPORTED_MODULE Init.Data.Array.TakeDrop
IMPORTED_MODULE Init.Data.Array.Zip
IMPORTED_MODULE Init.Data.Array.Range
IMPORTED_MODULE Init.Data.Stream
IMPORTED_MODULE Init.Data.Vector.Basic
IMPORTED_MODULE Init.Data.List.Nat.Find
IMPORTED_MODULE Init.Data.Array.Find
IMPORTED_MODULE Init.Data.Vector.Lemmas
IMPORTED_MODULE Init.Data.Array.Lex.Lemmas
IMPORTED_MODULE Init.Data.Vector.Lex
IMPORTED_MODULE Init.Data.Vector.Attach
IMPORTED_MODULE Init.Data.Vector.MapIdx
IMPORTED_MODULE Init.Data.Vector.Count
IMPORTED_MODULE Init.Data.Vector.DecidableEq
IMPORTED_MODULE Init.Data.Vector.Zip
IMPORTED_MODULE Init.Data.Vector.OfFn
IMPORTED_MODULE Init.Data.Vector.Range
IMPORTED_MODULE Init.Data.Array.Erase
IMPORTED_MODULE Init.Data.Vector.Erase
IMPORTED_MODULE Init.Data.Array.Monadic
IMPORTED_MODULE Init.Data.Vector.Monadic
IMPORTED_MODULE Init.Data.Vector.InsertIdx
IMPORTED_MODULE Init.Data.List.FinRange
IMPORTED_MODULE Init.Data.Array.FinRange
IMPORTED_MODULE Init.Data.Vector.FinRange
IMPORTED_MODULE Init.Data.Array.Extract
IMPORTED_MODULE Init.Data.Vector.Extract
IMPORTED_MODULE Init.Data.Vector
IMPORTED_MODULE Init.Data.Ord
IMPORTED_MODULE Init.Data.Nat.Compare
IMPORTED_MODULE Init.Data.Nat.Fold
IMPORTED_MODULE Init.Data.Nat
IMPORTED_MODULE Init.Data.BitVec
IMPORTED_MODULE Init.Data.Char
IMPORTED_MODULE Init.Data.List.Nat.Pairwise
IMPORTED_MODULE Init.Data.List.Nat.Sublist
IMPORTED_MODULE Init.Data.List.Perm
IMPORTED_MODULE Init.Data.List.Nat.Perm
IMPORTED_MODULE Init.Data.List.Nat
IMPORTED_MODULE Init.Data.List.Sort.Basic
IMPORTED_MODULE Init.Data.List.Sort.Lemmas
IMPORTED_MODULE Init.Data.List.Sort.Impl
IMPORTED_MODULE Init.Data.List.Sort
IMPORTED_MODULE Init.Data.List
IMPORTED_MODULE Init.Data.Int.DivMod
IMPORTED_MODULE Init.Data.Int.Gcd
IMPORTED_MODULE Init.Data.Int.Cooper
IMPORTED_MODULE Init.Data.AC
IMPORTED_MODULE Init.Data.Int.Linear
IMPORTED_MODULE Init.Data.Int.OfNat
IMPORTED_MODULE Init.Data.Int
IMPORTED_MODULE Init.Data.Array.QSort
IMPORTED_MODULE Init.Data.Array.BinSearch
IMPORTED_MODULE Init.Data.Array.InsertionSort
IMPORTED_MODULE Init.Data.Array.BasicAux
IMPORTED_MODULE Init.Data.Array.Perm
IMPORTED_MODULE Init.Data.Array.Lex
IMPORTED_MODULE Init.Data.Array
IMPORTED_MODULE Init.Data.Array.Subarray.Split
IMPORTED_MODULE Init.Data.Float
IMPORTED_MODULE Init.Data.FloatArray.Basic
IMPORTED_MODULE Init.Data.FloatArray
IMPORTED_MODULE Init.Data.Fin
IMPORTED_MODULE Init.Data.SInt.Float
IMPORTED_MODULE Init.Data.Float32
IMPORTED_MODULE Init.Data.SInt.Float32
IMPORTED_MODULE Init.Data.SInt.Lemmas
IMPORTED_MODULE Init.Data.SInt.Bitwise
IMPORTED_MODULE Init.Data.SInt
IMPORTED_MODULE Init.Data.Option.Monadic
IMPORTED_MODULE Init.Data.Option
IMPORTED_MODULE Init.System.IOError
IMPORTED_MODULE Init.System.FilePath
IMPORTED_MODULE Init.System.IO
IMPORTED_MODULE Init.Data.Random
IMPORTED_MODULE Init.Data.ToString
IMPORTED_MODULE Init.Data.Hashable
IMPORTED_MODULE Init.Data.OfScientific
IMPORTED_MODULE Init.Data.Format.Macro
IMPORTED_MODULE Init.Data.Format.Instances
IMPORTED_MODULE Init.Data.Format.Syntax
IMPORTED_MODULE Init.Data.Format
IMPORTED_MODULE Init.Data.Queue
IMPORTED_MODULE Init.System.Promise
IMPORTED_MODULE Init.System.Mutex
IMPORTED_MODULE Init.Data.Channel
IMPORTED_MODULE Init.Data.Sum.Basic
IMPORTED_MODULE Init.Data.Sum.Lemmas
IMPORTED_MODULE Init.Data.Sum
IMPORTED_MODULE Init.Data.ULift
IMPORTED_MODULE Init.Data.PLift
IMPORTED_MODULE Init.Data
IMPORTED_MODULE Init.System.Uri
IMPORTED_MODULE Init.System
IMPORTED_MODULE Init.Dynamic
IMPORTED_MODULE Init.ShareCommon
IMPORTED_MODULE Init.Hints
IMPORTED_MODULE Init.Guard
IMPORTED_MODULE Init.Simproc
IMPORTED_MODULE Init.SizeOfLemmas
IMPORTED_MODULE Init.MacroTrace
IMPORTED_MODULE Init.Grind.Norm
IMPORTED_MODULE Init.Grind.Tactics
IMPORTED_MODULE Init.Grind.Util
IMPORTED_MODULE Init.Grind.Lemmas
IMPORTED_MODULE Init.Grind.Cases
IMPORTED_MODULE Init.Grind.Propagator
IMPORTED_MODULE Init.Grind.Offset
IMPORTED_MODULE Init.Grind.PP
IMPORTED_MODULE Init.Grind
IMPORTED_MODULE Init.Internal.Order.Basic
IMPORTED_MODULE Init.Internal.Order.Lemmas
IMPORTED_MODULE Init.Internal.Order.Tactic
IMPORTED_MODULE Init.Internal.Order
IMPORTED_MODULE Init.Internal
IMPORTED_MODULE Init.Try
IMPORTED_MODULE Init.Task
IMPORTED_MODULE Init
IMPORTED_MODULE Lean.ImportingFlag
IMPORTED_MODULE Lean.Data.KVMap
IMPORTED_MODULE Std.Data.DHashMap.Internal.AssocList.Basic
IMPORTED_MODULE Std.Data.DHashMap.RawDef
IMPORTED_MODULE Std.Data.Internal.List.Defs
IMPORTED_MODULE Std.Data.DHashMap.Internal.Index
IMPORTED_MODULE Std.Data.DHashMap.Internal.Defs
IMPORTED_MODULE Std.Data.DHashMap.Raw
IMPORTED_MODULE Std.Data.DHashMap.Basic
IMPORTED_MODULE Std.Data.HashMap.Basic
IMPORTED_MODULE Std.Data.HashSet.Basic
IMPORTED_MODULE Lean.Data.RBMap
IMPORTED_MODULE Lean.Data.RBTree
IMPORTED_MODULE Lean.Data.PersistentHashMap
IMPORTED_MODULE Lean.Data.SMap
IMPORTED_MODULE Lean.Data.SSet
IMPORTED_MODULE Lean.Data.Name
IMPORTED_MODULE Lean.Data.NameMap
IMPORTED_MODULE Lean.Data.Options
IMPORTED_MODULE Lean.PrettyPrinter.Delaborator.Options
IMPORTED_MODULE Lean.Data.LOption
IMPORTED_MODULE Lean.Data.PrefixTree
IMPORTED_MODULE Lean.Data.NameTrie
IMPORTED_MODULE Lean.Data.PersistentHashSet
IMPORTED_MODULE Lean.Data.Format
IMPORTED_MODULE Lean.Hygiene
IMPORTED_MODULE Lean.Level
IMPORTED_MODULE Lean.Expr
IMPORTED_MODULE Lean.Declaration
IMPORTED_MODULE Lean.Data.PersistentArray
IMPORTED_MODULE Lean.LocalContext
IMPORTED_MODULE Lean.Util.Path
IMPORTED_MODULE Lean.Util.FindExpr
IMPORTED_MODULE Lean.Util.Profile
IMPORTED_MODULE Lean.Util.PtrSet
IMPORTED_MODULE Lean.Util.ReplaceExpr
IMPORTED_MODULE Lean.Util.InstantiateLevelParams
IMPORTED_MODULE Lean.Util.FoldConsts
IMPORTED_MODULE Lean.PrivateName
IMPORTED_MODULE Lean.LoadDynlib
IMPORTED_MODULE Lean.Environment
IMPORTED_MODULE Lean.Util.RecDepth
IMPORTED_MODULE Lean.InternalExceptionId
IMPORTED_MODULE Lean.Data.Json.Basic
IMPORTED_MODULE Std.Internal.Parsec.Basic
IMPORTED_MODULE Std.Internal.Parsec.String
IMPORTED_MODULE Std.Internal.Parsec.ByteArray
IMPORTED_MODULE Std.Internal.Parsec
IMPORTED_MODULE Lean.Data.Json.Parser
IMPORTED_MODULE Lean.Data.Json.Printer
IMPORTED_MODULE Lean.Data.Json.FromToJson
IMPORTED_MODULE Lean.Data.Json.Stream
IMPORTED_MODULE Lean.Syntax
IMPORTED_MODULE Lean.Data.Json.Elab
IMPORTED_MODULE Lean.Data.Json
IMPORTED_MODULE Lean.ToLevel
IMPORTED_MODULE Lean.ToExpr
IMPORTED_MODULE Lean.Data.Position
IMPORTED_MODULE Lean.Data.OpenDecl
IMPORTED_MODULE Lean.Util.MonadCache
IMPORTED_MODULE Lean.MetavarContext
IMPORTED_MODULE Lean.Data.DeclarationRange
IMPORTED_MODULE Lean.Server.Rpc.Basic
IMPORTED_MODULE Lean.Widget.Types
IMPORTED_MODULE Lean.Elab.InfoTree.Types
IMPORTED_MODULE Lean.Util.PPExt
IMPORTED_MODULE Lean.Util.Sorry
IMPORTED_MODULE Lean.Message
IMPORTED_MODULE Lean.Exception
IMPORTED_MODULE Lean.Elab.Exception
IMPORTED_MODULE Lean.Log
IMPORTED_MODULE Lean.Util.Trace
IMPORTED_MODULE Lean.Modifiers
IMPORTED_MODULE Lean.Namespace
IMPORTED_MODULE Lean.ResolveName
IMPORTED_MODULE Lean.AuxRecursor
IMPORTED_MODULE Lean.Compiler.Old
IMPORTED_MODULE Lean.MonadEnv
IMPORTED_MODULE Lean.Data.Trie
IMPORTED_MODULE Lean.DeclarationRange
IMPORTED_MODULE Lean.DocString.Links
IMPORTED_MODULE Lean.DocString.Extension
IMPORTED_MODULE Lean.Parser.Types
IMPORTED_MODULE Lean.Language.Basic
IMPORTED_MODULE Lean.CoreM
IMPORTED_MODULE Lean.Attributes
IMPORTED_MODULE Lean.Class
IMPORTED_MODULE Lean.ScopedEnvExtension
IMPORTED_MODULE Lean.ReducibilityAttrs
IMPORTED_MODULE Lean.Util.MonadBacktrack
IMPORTED_MODULE Lean.Compiler.InlineAttrs
IMPORTED_MODULE Lean.Meta.TransparencyMode
IMPORTED_MODULE Lean.Meta.Basic
IMPORTED_MODULE Lean.SubExpr
IMPORTED_MODULE Lean.PrettyPrinter.Delaborator.SubExpr
IMPORTED_MODULE Lean.Meta.GlobalInstances
IMPORTED_MODULE Lean.ProjFns
IMPORTED_MODULE Lean.Structure
IMPORTED_MODULE Lean.Util.Recognizers
IMPORTED_MODULE Lean.Util.SafeExponentiation
IMPORTED_MODULE Lean.Meta.GetUnfoldableConst
IMPORTED_MODULE Lean.Data.LBool
IMPORTED_MODULE Lean.Meta.InferType
IMPORTED_MODULE Lean.Meta.FunInfo
IMPORTED_MODULE Lean.Meta.NatInstTesters
IMPORTED_MODULE Lean.Meta.Offset
IMPORTED_MODULE Lean.Meta.LitValues
IMPORTED_MODULE Lean.Meta.CtorRecognizer
IMPORTED_MODULE Lean.Meta.Match.MatcherInfo
IMPORTED_MODULE Lean.Meta.Match.MatchPatternAttr
IMPORTED_MODULE Lean.Meta.Transform
IMPORTED_MODULE Lean.Meta.WHNF
IMPORTED_MODULE Lean.Meta.DiscrTreeTypes
IMPORTED_MODULE Lean.Meta.DiscrTree
IMPORTED_MODULE Lean.Util.CollectMVars
IMPORTED_MODULE Lean.Meta.CollectMVars
IMPORTED_MODULE Lean.Meta.Instances
IMPORTED_MODULE Lean.Meta.AbstractMVars
IMPORTED_MODULE Lean.Data.Lsp.Basic
IMPORTED_MODULE Lean.Data.Lsp.Utf16
IMPORTED_MODULE Lean.Meta.Sorry
IMPORTED_MODULE Lean.Meta.Check
IMPORTED_MODULE Lean.Meta.SynthInstance
IMPORTED_MODULE Lean.Util.FindMVar
IMPORTED_MODULE Lean.Util.FindLevelMVar
IMPORTED_MODULE Lean.Util.CollectLevelParams
IMPORTED_MODULE Lean.Util.ReplaceLevel
IMPORTED_MODULE Lean.PrettyPrinter.Delaborator.Attributes
IMPORTED_MODULE Lean.PrettyPrinter.Delaborator.FieldNotation
IMPORTED_MODULE Lean.Elab.Config
IMPORTED_MODULE Lean.PrettyPrinter.Delaborator.TopDownAnalyze
IMPORTED_MODULE Lean.ReservedNameAction
IMPORTED_MODULE Lean.Meta.DecLevel
IMPORTED_MODULE Lean.Meta.AppBuilder
IMPORTED_MODULE Lean.Meta.Coe
IMPORTED_MODULE Lean.Util.CollectLevelMVars
IMPORTED_MODULE Lean.Linter.Basic
IMPORTED_MODULE Lean.Meta.PPGoal
IMPORTED_MODULE Lean.Elab.InfoTree.Main
IMPORTED_MODULE Lean.Linter.Deprecated
IMPORTED_MODULE Lean.Parser.Basic
IMPORTED_MODULE Lean.AddDecl
IMPORTED_MODULE Lean.Compiler.InitAttr
IMPORTED_MODULE Lean.BuiltinDocAttr
IMPORTED_MODULE Lean.Parser.Extension
IMPORTED_MODULE Lean.Parser.StrInterpolation
IMPORTED_MODULE Lean.ParserCompiler.Attribute
IMPORTED_MODULE Lean.Compiler.ExternAttr
IMPORTED_MODULE Lean.Compiler.IR.Basic
IMPORTED_MODULE Lean.Compiler.IR.Format
IMPORTED_MODULE Lean.Compiler.IR.CompilerM
IMPORTED_MODULE Lean.KeyedDeclsAttribute
IMPORTED_MODULE Lean.PrettyPrinter.Basic
IMPORTED_MODULE Lean.PrettyPrinter.Parenthesizer
IMPORTED_MODULE Lean.PrettyPrinter.Formatter
IMPORTED_MODULE Lean.Parser.Extra
IMPORTED_MODULE Lean.Parser.Level
IMPORTED_MODULE Lean.Elab.AutoBound
IMPORTED_MODULE Lean.Elab.Level
IMPORTED_MODULE Lean.Parser.Attr
IMPORTED_MODULE Lean.Parser.Term.Doc
IMPORTED_MODULE Lean.Parser.Term
IMPORTED_MODULE Lean.Parser.Do
IMPORTED_MODULE Lean.Parser.Command
IMPORTED_MODULE Lean.Elab.Util
IMPORTED_MODULE Lean.Elab.Attributes
IMPORTED_MODULE Lean.DocString.Add
IMPORTED_MODULE Lean.Elab.DeclModifiers
IMPORTED_MODULE Lean.Elab.PreDefinition.TerminationHint
IMPORTED_MODULE Lean.Elab.DeclarationRange
IMPORTED_MODULE Lean.Elab.InfoTree.InlayHints
IMPORTED_MODULE Lean.Elab.Term
IMPORTED_MODULE Lean.PrettyPrinter.Delaborator.Basic
IMPORTED_MODULE Lean.Meta.CoeAttr
IMPORTED_MODULE Lean.Meta.Structure
IMPORTED_MODULE Lean.PrettyPrinter.Delaborator.Builtins
IMPORTED_MODULE Lean.PrettyPrinter.Delaborator
IMPORTED_MODULE Lean.Parser.Module
IMPORTED_MODULE Lean.Meta.ReduceEval
IMPORTED_MODULE Lean.ParserCompiler
IMPORTED_MODULE Lean.Util.NumObjs
IMPORTED_MODULE Lean.Util.ShareCommon
IMPORTED_MODULE Lean.PrettyPrinter
IMPORTED_MODULE Lean.Meta.Diagnostics
IMPORTED_MODULE Lean.Elab.Quotation.Util
IMPORTED_MODULE Lean.Elab.Quotation.Precheck
IMPORTED_MODULE Lean.Elab.BindersUtil
IMPORTED_MODULE Lean.Util.ForEachExprWhere
IMPORTED_MODULE Lean.Meta.Tactic.Util
IMPORTED_MODULE Lean.Util.ForEachExpr
IMPORTED_MODULE Lean.Util.OccursCheck
IMPORTED_MODULE Lean.Elab.Tactic.Basic
IMPORTED_MODULE Lean.Elab.SyntheticMVars
IMPORTED_MODULE Lean.Elab.Binders
IMPORTED_MODULE Lean.Elab.InfoTree
IMPORTED_MODULE Lean.Elab.SetOption
IMPORTED_MODULE Lean.Elab.Command
IMPORTED_MODULE Lean.Elab.ParseImportsFast
IMPORTED_MODULE Mathlib.Tactic.Linter.DirectoryDependency
IMPORTED_MODULE Mathlib.Tactic.Linter.Header
IMPORTED_MODULE Mathlib.Tactic.Linter.DeprecatedSyntaxLinter
IMPORTED_MODULE Mathlib.Tactic.Linter.DocPrime
IMPORTED_MODULE Mathlib.Tactic.Linter.DocString
IMPORTED_MODULE Mathlib.Tactic.Linter.GlobalAttributeIn
IMPORTED_MODULE Mathlib.Tactic.Linter.HashCommandLinter
IMPORTED_MODULE Mathlib.Tactic.Linter.FlexibleLinter
IMPORTED_MODULE Lean.Meta.ForEachExpr
IMPORTED_MODULE Lean.Parser.Tactic.Doc
IMPORTED_MODULE Lean.DocString
IMPORTED_MODULE Batteries.Tactic.Lint.Basic
IMPORTED_MODULE Batteries.Tactic.Lint.Misc
IMPORTED_MODULE Lean.Meta.MatchUtil
IMPORTED_MODULE Lean.Meta.Tactic.Clear
IMPORTED_MODULE Lean.Meta.Tactic.Revert
IMPORTED_MODULE Lean.Meta.Tactic.Intro
IMPORTED_MODULE Lean.Data.AssocList
IMPORTED_MODULE Lean.Meta.Tactic.FVarSubst
IMPORTED_MODULE Lean.Meta.Tactic.Assert
IMPORTED_MODULE Lean.Meta.Tactic.Replace
IMPORTED_MODULE Lean.Meta.Tactic.Subst
IMPORTED_MODULE Lean.Meta.Tactic.Injection
IMPORTED_MODULE Lean.Meta.Tactic.UnifyEq
IMPORTED_MODULE Lean.Meta.ACLt
IMPORTED_MODULE Lean.Meta.Match.MatchEqsExt
IMPORTED_MODULE Lean.Meta.CongrTheorems
IMPORTED_MODULE Lean.Meta.Eqns
IMPORTED_MODULE Lean.Meta.Tactic.AuxLemma
IMPORTED_MODULE Lean.Meta.Tactic.Simp.SimpTheorems
IMPORTED_MODULE Lean.Meta.Tactic.Simp.SimpCongrTheorems
IMPORTED_MODULE Lean.Meta.Tactic.Simp.Types
IMPORTED_MODULE Lean.Util.SortExprs
IMPORTED_MODULE Lean.HeadIndex
IMPORTED_MODULE Lean.Meta.KExprMap
IMPORTED_MODULE Lean.Data.RArray
IMPORTED_MODULE Lean.Meta.Tactic.Simp.Arith.Nat.Basic
IMPORTED_MODULE Lean.Meta.Tactic.Simp.Arith.Util
IMPORTED_MODULE Lean.Meta.Tactic.Simp.Arith.Nat.Simp
IMPORTED_MODULE Lean.Meta.Tactic.Simp.Arith.Nat
IMPORTED_MODULE Lean.Meta.IntInstTesters
IMPORTED_MODULE Lean.Meta.Tactic.Simp.Arith.Int.Basic
IMPORTED_MODULE Lean.Meta.Tactic.Simp.Arith.Int.Simp
IMPORTED_MODULE Lean.Meta.Tactic.Simp.Arith.Int
IMPORTED_MODULE Lean.Meta.Tactic.Simp.Arith
IMPORTED_MODULE Lean.Meta.Tactic.Simp.Simproc
IMPORTED_MODULE Lean.Meta.Tactic.Simp.Attr
IMPORTED_MODULE Lean.Meta.BinderNameHint
IMPORTED_MODULE Lean.Meta.Tactic.Simp.Rewrite
IMPORTED_MODULE Lean.Meta.Tactic.Simp.Diagnostics
IMPORTED_MODULE Lean.Meta.Match.Value
IMPORTED_MODULE Lean.Meta.Tactic.Simp.Main
IMPORTED_MODULE Batteries.Tactic.OpenPrivate
IMPORTED_MODULE Batteries.Util.LibraryNote
IMPORTED_MODULE Batteries.Tactic.Lint.Simp
IMPORTED_MODULE Batteries.Tactic.Lint.TypeClass
IMPORTED_MODULE Lean.Util.Paths
IMPORTED_MODULE Batteries.Tactic.Lint.Frontend
IMPORTED_MODULE Batteries.Tactic.Lint
IMPORTED_MODULE Mathlib.Tactic.DeclarationNames
IMPORTED_MODULE Mathlib.Tactic.Linter.Lint
IMPORTED_MODULE Mathlib.Tactic.Linter.Multigoal
IMPORTED_MODULE Mathlib.Tactic.Linter.OldObtain
IMPORTED_MODULE Mathlib.Tactic.Linter.UnusedTacticExtension
IMPORTED_MODULE Lean.Parser.Syntax
IMPORTED_MODULE Batteries.Tactic.Unreachable
IMPORTED_MODULE Mathlib.Tactic.Linter.UnusedTactic
IMPORTED_MODULE Mathlib.Tactic.Linter.Style
IMPORTED_MODULE Mathlib.Init
IMPORTED_MODULE Mathlib.Tactic.Lemma
IMPORTED_MODULE Mathlib.Tactic.TypeStar
IMPORTED_MODULE Mathlib.Data.Nat.Notation
IMPORTED_MODULE Mathlib.Data.String.Defs
IMPORTED_MODULE Mathlib.Data.Array.Defs
IMPORTED_MODULE Mathlib.Util.MemoFix
IMPORTED_MODULE Mathlib.Lean.Expr.ReplaceRec
IMPORTED_MODULE Mathlib.Lean.EnvExtension
IMPORTED_MODULE Lean.Meta.Tactic.Simp.SimpAll
IMPORTED_MODULE Lean.Meta.Tactic.Simp.BuiltinSimprocs.Core
IMPORTED_MODULE Lean.Meta.Tactic.Simp.BuiltinSimprocs.Util
IMPORTED_MODULE Lean.Meta.Tactic.Simp.BuiltinSimprocs.Nat
IMPORTED_MODULE Lean.Meta.Tactic.Simp.BuiltinSimprocs.Fin
IMPORTED_MODULE Lean.Meta.Tactic.Simp.BuiltinSimprocs.UInt
IMPORTED_MODULE Lean.Meta.Tactic.Simp.BuiltinSimprocs.Int
IMPORTED_MODULE Lean.Meta.Tactic.Simp.BuiltinSimprocs.SInt
IMPORTED_MODULE Lean.Meta.Tactic.Simp.BuiltinSimprocs.Char
IMPORTED_MODULE Lean.Meta.Tactic.Simp.BuiltinSimprocs.String
IMPORTED_MODULE Lean.Meta.Tactic.Simp.BuiltinSimprocs.BitVec
IMPORTED_MODULE Lean.Meta.Tactic.Simp.BuiltinSimprocs.List
IMPORTED_MODULE Lean.Meta.Tactic.Simp.BuiltinSimprocs.Array
IMPORTED_MODULE Lean.Meta.Tactic.Simp.BuiltinSimprocs
IMPORTED_MODULE Lean.Meta.Tactic.Simp.RegisterCommand
IMPORTED_MODULE Lean.Meta.Tactic.Simp
IMPORTED_MODULE Lean.Compiler.BorrowedAnnotation
IMPORTED_MODULE Lean.Meta.KAbstract
IMPORTED_MODULE Lean.Meta.Closure
IMPORTED_MODULE Lean.Compiler.ImplementedByAttr
IMPORTED_MODULE Lean.Meta.Eval
IMPORTED_MODULE Lean.Elab.Eval
IMPORTED_MODULE Lean.Elab.BuiltinNotation
IMPORTED_MODULE Lean.Meta.Tactic.Apply
IMPORTED_MODULE Lean.Meta.Tactic.Constructor
IMPORTED_MODULE Lean.Util.CollectFVars
IMPORTED_MODULE Lean.Meta.CollectFVars
IMPORTED_MODULE Lean.Meta.Tactic.Cleanup
IMPORTED_MODULE Lean.Meta.Tactic.Rename
IMPORTED_MODULE Lean.Server.InfoUtils
IMPORTED_MODULE Lean.Linter.Util
IMPORTED_MODULE Lean.Linter.MissingDocs
IMPORTED_MODULE Lean.Elab.Tactic.Config
IMPORTED_MODULE Lean.Elab.Tactic.ElabTerm
IMPORTED_MODULE Lean.Elab.Tactic.Location
IMPORTED_MODULE Lean.Elab.Tactic.Simp
IMPORTED_MODULE Mathlib.Lean.Meta.Simp
IMPORTED_MODULE Lean.Meta.Tactic.Delta
IMPORTED_MODULE Mathlib.Lean.Name
IMPORTED_MODULE Lean.Meta.Tactic.Ext
IMPORTED_MODULE Lean.Meta.RecursorInfo
IMPORTED_MODULE Lean.Meta.Tactic.ElimInfo
IMPORTED_MODULE Lean.Meta.Tactic.FunIndInfo
IMPORTED_MODULE Lean.Meta.Tactic.Induction
IMPORTED_MODULE Lean.Meta.Tactic.Acyclic
IMPORTED_MODULE Lean.Meta.Tactic.Cases
IMPORTED_MODULE Lean.Meta.Tactic.FunIndCollect
IMPORTED_MODULE Lean.Meta.GeneralizeVars
IMPORTED_MODULE Lean.Elab.Arg
IMPORTED_MODULE Lean.Elab.RecAppSyntax
IMPORTED_MODULE Lean.Elab.App
IMPORTED_MODULE Lean.Meta.Tactic.Generalize
IMPORTED_MODULE Lean.Elab.Tactic.Generalize
IMPORTED_MODULE Lean.Elab.Tactic.Induction
IMPORTED_MODULE Lean.Elab.Tactic.RCases
IMPORTED_MODULE Lean.Meta.Tactic.Repeat
IMPORTED_MODULE Lean.Elab.Tactic.Repeat
IMPORTED_MODULE Lean.Meta.Tactic.Assumption
IMPORTED_MODULE Lean.Meta.Tactic.Contradiction
IMPORTED_MODULE Lean.Meta.Reduce
IMPORTED_MODULE Lean.Meta.Tactic.Refl
IMPORTED_MODULE Lean.Elab.Open
IMPORTED_MODULE Lean.Elab.MatchAltView
IMPORTED_MODULE Lean.Elab.PatternVar
IMPORTED_MODULE Lean.Elab.Do
IMPORTED_MODULE Lean.Elab.Tactic.BuiltinTactic
IMPORTED_MODULE Lean.Elab.Tactic.Ext
IMPORTED_MODULE Lean.Meta.Tactic.Symm
IMPORTED_MODULE Lean.Meta.Tactic.Rfl
IMPORTED_MODULE Lean.Meta.AbstractNestedProofs
IMPORTED_MODULE Batteries.Lean.NameMapAttribute
IMPORTED_MODULE Lean.Compiler.NoncomputableAttr
IMPORTED_MODULE Lean.Server.FileWorker.ExampleHover
IMPORTED_MODULE Lean.Data.JsonRpc
IMPORTED_MODULE Lean.Data.Lsp.Communication
IMPORTED_MODULE Lean.Data.Lsp.Diagnostics
IMPORTED_MODULE Lean.Data.Lsp.TextSync
IMPORTED_MODULE Lean.Data.Lsp.Extra
IMPORTED_MODULE Lean.Server.Utils
IMPORTED_MODULE Lean.Server.GoTo
IMPORTED_MODULE Lean.Data.Lsp.CancelParams
IMPORTED_MODULE Lean.Data.Lsp.LanguageFeatures
IMPORTED_MODULE Lean.Data.Lsp.CodeActions
IMPORTED_MODULE Lean.Data.Lsp.Capabilities
IMPORTED_MODULE Lean.Data.Lsp.Client
IMPORTED_MODULE Lean.Data.Lsp.Workspace
IMPORTED_MODULE Lean.Data.Lsp.InitShutdown
IMPORTED_MODULE Std.Classes.Ord
IMPORTED_MODULE Std.Data.DTreeMap.Internal.Def
IMPORTED_MODULE Std.Data.DTreeMap.Internal.Balanced
IMPORTED_MODULE Std.Data.DTreeMap.Internal.Balancing
IMPORTED_MODULE Std.Data.Internal.Cut
IMPORTED_MODULE Std.Data.DTreeMap.Internal.Ordered
IMPORTED_MODULE Std.Data.DTreeMap.Internal.Queries
IMPORTED_MODULE Std.Data.DTreeMap.Internal.Operations
IMPORTED_MODULE Std.Data.DTreeMap.Internal.WF.Defs
IMPORTED_MODULE Std.Data.DTreeMap.Basic
IMPORTED_MODULE Std.Data.TreeMap.Basic
IMPORTED_MODULE Std.Data.DTreeMap.Raw.Basic
IMPORTED_MODULE Std.Data.TreeMap.Raw.Basic
IMPORTED_MODULE Std.Data.Internal.List.Associative
IMPORTED_MODULE Std.Data.DTreeMap.Internal.Cell
IMPORTED_MODULE Std.Data.DTreeMap.Internal.Model
IMPORTED_MODULE Std.Data.DTreeMap.Internal.WF.Lemmas
IMPORTED_MODULE Std.Data.DTreeMap.AdditionalOperations
IMPORTED_MODULE Std.Data.TreeMap.AdditionalOperations
IMPORTED_MODULE Std.Data.TreeMap
IMPORTED_MODULE Lean.Data.Lsp.Internal
IMPORTED_MODULE Lean.Data.Lsp.Ipc
IMPORTED_MODULE Lean.Data.Lsp.Window
IMPORTED_MODULE Lean.Data.Lsp
IMPORTED_MODULE Lean.Server.RequestCancellation
IMPORTED_MODULE Lean.Server.ServerTask
IMPORTED_MODULE Lean.Server.FileSource
IMPORTED_MODULE Lean.Language.Lean.Types
IMPORTED_MODULE Lean.Elab.Import
IMPORTED_MODULE Lean.Linter.UnusedVariables
IMPORTED_MODULE Lean.Widget.TaggedText
IMPORTED_MODULE Lean.Widget.Basic
IMPORTED_MODULE Lean.Widget.InteractiveCode
IMPORTED_MODULE Lean.Widget.InteractiveGoal
IMPORTED_MODULE Lean.Widget.InteractiveDiagnostic
IMPORTED_MODULE Lean.Server.Snapshots
IMPORTED_MODULE Lean.Server.AsyncList
IMPORTED_MODULE Lean.Server.FileWorker.Utils
IMPORTED_MODULE Std.Sync.Basic
IMPORTED_MODULE Std.Sync.Mutex
IMPORTED_MODULE Lean.Server.Requests
IMPORTED_MODULE Lean.Server.FileWorker.InlayHints
IMPORTED_MODULE Lean.Server.FileWorker.SemanticHighlighting
IMPORTED_MODULE Lean.Data.FuzzyMatching
IMPORTED_MODULE Lean.Elab.Tactic.Doc
IMPORTED_MODULE Lean.Server.Completion.CompletionItemData
IMPORTED_MODULE Lean.Server.Completion.CompletionUtils
IMPORTED_MODULE Lean.Server.Completion.SyntheticCompletion
IMPORTED_MODULE Lean.Server.Completion.CompletionInfoSelection
IMPORTED_MODULE Lean.Server.Completion.CompletionResolution
IMPORTED_MODULE Lean.Meta.CompletionName
IMPORTED_MODULE Lean.Server.Completion.EligibleHeaderDecls
IMPORTED_MODULE Lean.Server.Completion.CompletionCollectors
IMPORTED_MODULE Std.Data.DHashMap.Internal.Raw
IMPORTED_MODULE Std.Data.DHashMap.Internal.HashesTo
IMPORTED_MODULE Std.Data.DHashMap.Internal.AssocList.Lemmas
IMPORTED_MODULE Std.Data.DHashMap.Internal.Model
IMPORTED_MODULE Std.Data.DHashMap.Internal.WF
IMPORTED_MODULE Std.Data.DHashMap.Internal.RawLemmas
IMPORTED_MODULE Std.Data.DHashMap.AdditionalOperations
IMPORTED_MODULE Std.Data.DHashMap.Lemmas
IMPORTED_MODULE Std.Data.HashMap.Raw
IMPORTED_MODULE Std.Data.HashMap.AdditionalOperations
IMPORTED_MODULE Std.Data.HashMap.Lemmas
IMPORTED_MODULE Std.Data.HashMap
IMPORTED_MODULE Lean.Server.Completion
IMPORTED_MODULE Lean.Server.References
IMPORTED_MODULE Lean.Widget.Diff
IMPORTED_MODULE Lean.Server.FileWorker.RequestHandling
IMPORTED_MODULE Lean.Server.CodeActions.Basic
IMPORTED_MODULE Lean.Server.CodeActions.Attr
IMPORTED_MODULE Lean.Elab.BuiltinTerm
IMPORTED_MODULE Lean.Server.CodeActions.Provider
IMPORTED_MODULE Lean.Server.CodeActions
IMPORTED_MODULE Batteries.CodeAction.Attr
IMPORTED_MODULE Batteries.CodeAction.Basic
IMPORTED_MODULE Batteries.CodeAction.Deprecated
IMPORTED_MODULE Batteries.Tactic.Alias
IMPORTED_MODULE Batteries.Tactic.Trans
IMPORTED_MODULE Mathlib.Tactic.Eqns
IMPORTED_MODULE Mathlib.Tactic.Simps.NotationClass
IMPORTED_MODULE Lean.Meta.Tactic.Rewrite
IMPORTED_MODULE Mathlib.Lean.Expr.Basic
IMPORTED_MODULE Mathlib.Tactic.Simps.Basic
IMPORTED_MODULE Mathlib.Tactic.ToAdditive.Frontend
IMPORTED_MODULE Mathlib.Tactic.ToAdditive
IMPORTED_MODULE Mathlib.Util.AssertExistsExt
IMPORTED_MODULE Mathlib.Util.AssertExists
IMPORTED_MODULE Mathlib.Algebra.Notation.Defs
IMPORTED_MODULE Mathlib.Data.Int.Notation
IMPORTED_MODULE Mathlib.Data.Nat.BinaryRec
IMPORTED_MODULE Lean.Server.Rpc.RequestHandling
IMPORTED_MODULE Lean.Widget.UserWidget
IMPORTED_MODULE Lean.Meta.Tactic.ExposeNames
IMPORTED_MODULE Lean.Meta.Tactic.TryThis
IMPORTED_MODULE Mathlib.Tactic.AdaptationNote
IMPORTED_MODULE Lean.LabelAttribute
IMPORTED_MODULE Mathlib.Tactic.Attr.Register
IMPORTED_MODULE Batteries.Logic
IMPORTED_MODULE Mathlib.Logic.Function.Defs
IMPORTED_MODULE Mathlib.Tactic.OfNat
IMPORTED_MODULE Mathlib.Algebra.Group.Defs
IMPORTED_MODULE Mathlib.Algebra.Notation.Pi
IMPORTED_MODULE Batteries.Util.ExtendedBinder
IMPORTED_MODULE Mathlib.Data.Set.Defs
IMPORTED_MODULE Lean.Data.Xml.Basic
IMPORTED_MODULE Lean.Data.Xml.Parser
IMPORTED_MODULE Lean.Data.Xml
IMPORTED_MODULE Lean.Data
IMPORTED_MODULE Lean.Compiler.Specialize
IMPORTED_MODULE Lean.Compiler.ConstFolding
IMPORTED_MODULE Lean.Compiler.ClosedTermCache
IMPORTED_MODULE Lean.Compiler.NeverExtractAttr
IMPORTED_MODULE Lean.Compiler.IR.FreeVars
IMPORTED_MODULE Lean.Compiler.IR.NormIds
IMPORTED_MODULE Lean.Compiler.IR.PushProj
IMPORTED_MODULE Lean.Compiler.IR.ElimDeadVars
IMPORTED_MODULE Lean.Compiler.IR.SimpCase
IMPORTED_MODULE Lean.Compiler.IR.LiveVars
IMPORTED_MODULE Lean.Compiler.IR.ResetReuse
IMPORTED_MODULE Lean.Compiler.IR.Checker
IMPORTED_MODULE Lean.Compiler.ExportAttr
IMPORTED_MODULE Lean.Compiler.IR.Borrow
IMPORTED_MODULE Lean.Runtime
IMPORTED_MODULE Lean.Compiler.IR.Boxing
IMPORTED_MODULE Lean.Compiler.IR.RC
IMPORTED_MODULE Lean.Compiler.IR.ExpandResetReuse
IMPORTED_MODULE Lean.Compiler.IR.UnboxResult
IMPORTED_MODULE Lean.Compiler.IR.ElimDeadBranches
IMPORTED_MODULE Lean.Compiler.NameMangling
IMPORTED_MODULE Lean.Compiler.IR.EmitUtil
IMPORTED_MODULE Lean.Compiler.IR.EmitC
IMPORTED_MODULE Lean.Compiler.IR.CtorLayout
IMPORTED_MODULE Lean.Compiler.IR.Sorry
IMPORTED_MODULE Lean.Compiler.IR
IMPORTED_MODULE Lean.Compiler.CSimpAttr
IMPORTED_MODULE Lean.Compiler.FFI
IMPORTED_MODULE Lean.Compiler.LCNF.Types
IMPORTED_MODULE Lean.Compiler.LCNF.Basic
IMPORTED_MODULE Lean.Compiler.LCNF.AlphaEqv
IMPORTED_MODULE Lean.Compiler.LCNF.LCtx
IMPORTED_MODULE Lean.Compiler.LCNF.ConfigOptions
IMPORTED_MODULE Lean.Compiler.LCNF.CompilerM
IMPORTED_MODULE Lean.Compiler.LCNF.PassManager
IMPORTED_MODULE Lean.Compiler.LCNF.PhaseExt
IMPORTED_MODULE Lean.Compiler.LCNF.BaseTypes
IMPORTED_MODULE Lean.Compiler.LCNF.Util
IMPORTED_MODULE Lean.Compiler.LCNF.MonoTypes
IMPORTED_MODULE Lean.Compiler.LCNF.OtherDecl
IMPORTED_MODULE Lean.Compiler.LCNF.InferType
IMPORTED_MODULE Lean.Compiler.LCNF.Bind
IMPORTED_MODULE Lean.Compiler.LCNF.Internalize
IMPORTED_MODULE Lean.Compiler.LCNF.PrettyPrinter
IMPORTED_MODULE Lean.Compiler.LCNF.CompatibleTypes
IMPORTED_MODULE Lean.Compiler.LCNF.Check
IMPORTED_MODULE Lean.Compiler.LCNF.ToExpr
IMPORTED_MODULE Lean.Compiler.LCNF.CSE
IMPORTED_MODULE Lean.Compiler.LCNF.DependsOn
IMPORTED_MODULE Lean.Compiler.LCNF.ElimDead
IMPORTED_MODULE Lean.Compiler.LCNF.FixedParams
IMPORTED_MODULE Lean.Compiler.LCNF.PullFunDecls
IMPORTED_MODULE Lean.Compiler.LCNF.FVarUtil
IMPORTED_MODULE Lean.Compiler.LCNF.ScopeM
IMPORTED_MODULE Lean.Compiler.LCNF.JoinPoints
IMPORTED_MODULE Lean.Compiler.LCNF.Level
IMPORTED_MODULE Lean.Compiler.Options
IMPORTED_MODULE Lean.Compiler.LCNF.PullLetDecls
IMPORTED_MODULE Lean.Compiler.LCNF.ReduceJpArity
IMPORTED_MODULE Lean.Compiler.LCNF.Renaming
IMPORTED_MODULE Lean.Compiler.LCNF.Simp.Basic
IMPORTED_MODULE Lean.Compiler.LCNF.Simp.FunDeclInfo
IMPORTED_MODULE Lean.Compiler.LCNF.Simp.DiscrM
IMPORTED_MODULE Lean.Compiler.LCNF.Simp.JpCases
IMPORTED_MODULE Lean.Compiler.LCNF.Simp.Config
IMPORTED_MODULE Lean.Compiler.LCNF.Simp.SimpM
IMPORTED_MODULE Lean.Compiler.LCNF.Simp.InlineCandidate
IMPORTED_MODULE Lean.Compiler.LCNF.Simp.InlineProj
IMPORTED_MODULE Lean.Compiler.LCNF.Simp.Used
IMPORTED_MODULE Lean.Compiler.LCNF.Simp.DefaultAlt
IMPORTED_MODULE Lean.Compiler.LCNF.Simp.SimpValue
IMPORTED_MODULE Lean.Compiler.LCNF.Simp.ConstantFold
IMPORTED_MODULE Lean.Compiler.LCNF.Simp.Main
IMPORTED_MODULE Lean.Compiler.LCNF.Simp
IMPORTED_MODULE Lean.Compiler.LCNF.SpecInfo
IMPORTED_MODULE Lean.Compiler.LCNF.MonadScope
IMPORTED_MODULE Lean.Compiler.LCNF.Closure
IMPORTED_MODULE Lean.Compiler.LCNF.Specialize
IMPORTED_MODULE Lean.Compiler.LCNF.ToMono
IMPORTED_MODULE Lean.Compiler.LCNF.DeclHash
IMPORTED_MODULE Lean.Compiler.LCNF.AuxDeclCache
IMPORTED_MODULE Lean.Compiler.LCNF.LambdaLifting
IMPORTED_MODULE Lean.Compiler.LCNF.FloatLetIn
IMPORTED_MODULE Lean.Compiler.LCNF.ReduceArity
IMPORTED_MODULE Lean.Compiler.LCNF.ElimDeadBranches
IMPORTED_MODULE Lean.Compiler.LCNF.Passes
IMPORTED_MODULE Lean.Compiler.LCNF.ToLCNF
IMPORTED_MODULE Lean.Compiler.LCNF.ToDecl
IMPORTED_MODULE Lean.Compiler.LCNF.Main
IMPORTED_MODULE Lean.Compiler.LCNF.Testing
IMPORTED_MODULE Lean.Compiler.LCNF
IMPORTED_MODULE Lean.Compiler.Main
IMPORTED_MODULE Lean.Compiler.AtMostOnce
IMPORTED_MODULE Lean.Compiler
IMPORTED_MODULE Lean.Parser.Tactic
IMPORTED_MODULE Lean.Parser
IMPORTED_MODULE Lean.Elab.Syntax
IMPORTED_MODULE Lean.Elab.MacroArgUtil
IMPORTED_MODULE Lean.Elab.BinderPredicates
IMPORTED_MODULE Lean.Elab.LetRec
IMPORTED_MODULE Lean.Language.Util
IMPORTED_MODULE Lean.Language.Lean
IMPORTED_MODULE Lean.Util.Profiler
IMPORTED_MODULE Lean.Elab.Frontend
IMPORTED_MODULE Lean.Elab.DeclUtil
IMPORTED_MODULE Lean.Elab.DeclNameGen
IMPORTED_MODULE Lean.Elab.DefView
IMPORTED_MODULE Lean.Meta.GeneralizeTelescope
IMPORTED_MODULE Lean.Meta.Match.CaseValues
IMPORTED_MODULE Lean.Meta.Match.CaseArraySizes
IMPORTED_MODULE Lean.Meta.Match.Basic
IMPORTED_MODULE Lean.Meta.Match.MatcherApp.Basic
IMPORTED_MODULE Lean.Meta.Match.Match
IMPORTED_MODULE Lean.Elab.Match
IMPORTED_MODULE Lean.Elab.Deriving.Basic
IMPORTED_MODULE Lean.Util.SCC
IMPORTED_MODULE Lean.Util.NumApps
IMPORTED_MODULE Lean.Elab.PreDefinition.Basic
IMPORTED_MODULE Lean.Elab.PreDefinition.TerminationMeasure
IMPORTED_MODULE Lean.Elab.PreDefinition.Mutual
IMPORTED_MODULE Lean.Elab.PreDefinition.Structural.Basic
IMPORTED_MODULE Lean.Elab.PreDefinition.FixedParams
IMPORTED_MODULE Lean.Elab.PreDefinition.Structural.IndGroupInfo
IMPORTED_MODULE Lean.Elab.PreDefinition.Structural.RecArgInfo
IMPORTED_MODULE Lean.Elab.PreDefinition.Structural.FindRecArg
IMPORTED_MODULE Lean.Elab.PreDefinition.Structural.Preprocess
IMPORTED_MODULE Lean.Util.HasConstCache
IMPORTED_MODULE Lean.Meta.PProdN
IMPORTED_MODULE Lean.Meta.Tactic.SplitIf
IMPORTED_MODULE Lean.Meta.Match.MatchEqs
IMPORTED_MODULE Lean.Meta.Match
IMPORTED_MODULE Lean.Meta.Tactic.Split
IMPORTED_MODULE Lean.Meta.Match.MatcherApp.Transform
IMPORTED_MODULE Lean.Elab.PreDefinition.Structural.BRecOn
IMPORTED_MODULE Lean.Meta.Constructions.CasesOn
IMPORTED_MODULE Lean.Meta.Iterator
IMPORTED_MODULE Lean.Meta.Tactic.IndependentOf
IMPORTED_MODULE Lean.Meta.Tactic.Backtrack
IMPORTED_MODULE Lean.Meta.Tactic.SolveByElim
IMPORTED_MODULE Lean.Meta.IndPredBelow
IMPORTED_MODULE Lean.Elab.PreDefinition.Structural.IndPred
IMPORTED_MODULE Lean.Elab.PreDefinition.Eqns
IMPORTED_MODULE Lean.Elab.PreDefinition.Structural.Eqns
IMPORTED_MODULE Lean.Elab.PreDefinition.Structural.SmartUnfolding
IMPORTED_MODULE Lean.Elab.PreDefinition.Structural.Main
IMPORTED_MODULE Lean.Elab.PreDefinition.Structural
IMPORTED_MODULE Lean.Meta.ArgsPacker.Basic
IMPORTED_MODULE Lean.Meta.ArgsPacker
IMPORTED_MODULE Lean.Elab.PreDefinition.WF.Unfold
IMPORTED_MODULE Lean.Elab.PreDefinition.WF.Eqns
IMPORTED_MODULE Lean.Elab.PreDefinition.WF.PackMutual
IMPORTED_MODULE Lean.Elab.PreDefinition.WF.FloatRecApp
IMPORTED_MODULE Lean.Elab.PreDefinition.WF.Rel
IMPORTED_MODULE Lean.Data.Array
IMPORTED_MODULE Lean.Elab.PreDefinition.WF.Basic
IMPORTED_MODULE Lean.Elab.PreDefinition.WF.Fix
IMPORTED_MODULE Lean.Elab.PreDefinition.WF.Preprocess
IMPORTED_MODULE Lean.Elab.Quotation
IMPORTED_MODULE Lean.Elab.PreDefinition.WF.GuessLex
IMPORTED_MODULE Lean.Elab.PreDefinition.WF.Main
IMPORTED_MODULE Lean.Elab.PreDefinition.MkInhabitant
IMPORTED_MODULE Lean.Elab.Tactic.Conv.Basic
IMPORTED_MODULE Lean.Meta.Tactic.Congr
IMPORTED_MODULE Lean.Elab.Tactic.Conv.Congr
IMPORTED_MODULE Lean.Elab.Tactic.Rewrite
IMPORTED_MODULE Lean.Elab.Tactic.Conv.Rewrite
IMPORTED_MODULE Lean.Elab.Tactic.Change
IMPORTED_MODULE Lean.Elab.Tactic.Conv.Change
IMPORTED_MODULE Lean.Elab.Tactic.Split
IMPORTED_MODULE Lean.Elab.AuxDef
IMPORTED_MODULE Lean.Elab.ElabRules
IMPORTED_MODULE Lean.Elab.Tactic.SimpTrace
IMPORTED_MODULE Lean.Elab.Tactic.Conv.Simp
IMPORTED_MODULE Lean.Elab.Tactic.Conv.Pattern
IMPORTED_MODULE Lean.Elab.Tactic.Delta
IMPORTED_MODULE Lean.Elab.Tactic.Conv.Delta
IMPORTED_MODULE Lean.Meta.Tactic.Unfold
IMPORTED_MODULE Lean.Elab.Tactic.Unfold
IMPORTED_MODULE Lean.Elab.Tactic.Conv.Unfold
IMPORTED_MODULE Lean.Elab.Tactic.Conv
IMPORTED_MODULE Lean.Elab.PreDefinition.PartialFixpoint.Eqns
IMPORTED_MODULE Lean.Elab.Tactic.Monotonicity
IMPORTED_MODULE Lean.Elab.PreDefinition.PartialFixpoint.Main
IMPORTED_MODULE Lean.Meta.Injective
IMPORTED_MODULE Lean.Elab.PreDefinition.PartialFixpoint.Induction
IMPORTED_MODULE Lean.Elab.PreDefinition.PartialFixpoint
IMPORTED_MODULE Lean.Elab.PreDefinition.Main
IMPORTED_MODULE Lean.Elab.MutualDef
IMPORTED_MODULE Lean.Meta.Constructions.NoConfusion
IMPORTED_MODULE Lean.Meta.Constructions.RecOn
IMPORTED_MODULE Lean.Meta.Constructions.BRecOn
IMPORTED_MODULE Lean.Meta.Constructions
IMPORTED_MODULE Lean.Meta.SizeOf
IMPORTED_MODULE Lean.Elab.ComputedFields
IMPORTED_MODULE Lean.Elab.MutualInductive
IMPORTED_MODULE Lean.Elab.Declaration
IMPORTED_MODULE Lean.Elab.Tactic.Injection
IMPORTED_MODULE Lean.Elab.Tactic.Match
IMPORTED_MODULE Lean.Elab.Tactic.Simproc
IMPORTED_MODULE Lean.Elab.Tactic.Meta
IMPORTED_MODULE Lean.Elab.Calc
IMPORTED_MODULE Lean.Elab.Tactic.Calc
IMPORTED_MODULE Lean.Elab.Tactic.Congr
IMPORTED_MODULE Lean.Elab.Tactic.Guard
IMPORTED_MODULE Lean.Elab.Tactic.FalseOrByContra
IMPORTED_MODULE Lean.Meta.Canonicalizer
IMPORTED_MODULE Lean.Elab.Tactic.Omega.OmegaM
IMPORTED_MODULE Lean.Elab.Tactic.Omega.MinNatAbs
IMPORTED_MODULE Lean.Elab.Tactic.Omega.Core
IMPORTED_MODULE Lean.Elab.Tactic.Omega.Frontend
IMPORTED_MODULE Lean.Elab.Tactic.Omega
IMPORTED_MODULE Lean.Elab.Tactic.Simpa
IMPORTED_MODULE Lean.Meta.Tactic.NormCast
IMPORTED_MODULE Lean.Elab.Tactic.NormCast
IMPORTED_MODULE Lean.Elab.Tactic.Symm
IMPORTED_MODULE Lean.Elab.Tactic.SolveByElim
IMPORTED_MODULE Lean.Meta.LazyDiscrTree
IMPORTED_MODULE Lean.Util.Heartbeats
IMPORTED_MODULE Lean.Meta.Tactic.LibrarySearch
IMPORTED_MODULE Lean.Elab.Tactic.LibrarySearch
IMPORTED_MODULE Lean.Elab.Tactic.ShowTerm
IMPORTED_MODULE Lean.Elab.Tactic.Rfl
IMPORTED_MODULE Lean.Meta.Tactic.Rewrites
IMPORTED_MODULE Lean.Elab.Tactic.Rewrites
IMPORTED_MODULE Lean.Elab.Tactic.DiscrTreeKey
IMPORTED_MODULE Std.Sat.CNF.Literal
IMPORTED_MODULE Std.Sat.CNF.Basic
IMPORTED_MODULE Std.Sat.CNF.Relabel
IMPORTED_MODULE Std.Sat.CNF.RelabelFin
IMPORTED_MODULE Std.Sat.CNF.Dimacs
IMPORTED_MODULE Std.Sat.CNF
IMPORTED_MODULE Std.Tactic.BVDecide.LRAT.Actions
IMPORTED_MODULE Lean.Elab.Tactic.BVDecide.LRAT.Trim
IMPORTED_MODULE Lean.Elab.Tactic.BVDecide.LRAT
IMPORTED_MODULE Std.Tactic.BVDecide.LRAT.Parser
IMPORTED_MODULE Lean.Elab.Tactic.BVDecide.External
IMPORTED_MODULE Std.Tactic.BVDecide.Syntax
IMPORTED_MODULE Lean.Elab.Tactic.BVDecide.Frontend.Attr
IMPORTED_MODULE Std.Data.HashSet.Lemmas
IMPORTED_MODULE Std.Data.HashSet
IMPORTED_MODULE Std.Sat.AIG.Basic
IMPORTED_MODULE Std.Sat.AIG.LawfulOperator
IMPORTED_MODULE Std.Sat.AIG.Lemmas
IMPORTED_MODULE Std.Sat.AIG.CNF
IMPORTED_MODULE Std.Sat.AIG.Relabel
IMPORTED_MODULE Std.Sat.AIG.RelabelNat
IMPORTED_MODULE Std.Tactic.BVDecide.Bitblast.BoolExpr.Basic
IMPORTED_MODULE Std.Tactic.BVDecide.Bitblast.BoolExpr
IMPORTED_MODULE Std.Tactic.BVDecide.Bitblast.BVExpr.Basic
IMPORTED_MODULE Std.Sat.AIG.Cached
IMPORTED_MODULE Std.Sat.AIG.CachedLemmas
IMPORTED_MODULE Std.Sat.AIG.CachedGates
IMPORTED_MODULE Std.Sat.AIG.CachedGatesLemmas
IMPORTED_MODULE Std.Sat.AIG.RefVec
IMPORTED_MODULE Std.Sat.AIG.LawfulVecOperator
IMPORTED_MODULE Std.Sat.AIG.RefVecOperator.Map
IMPORTED_MODULE Std.Sat.AIG.RefVecOperator.Zip
IMPORTED_MODULE Std.Sat.AIG.RefVecOperator.Fold
IMPORTED_MODULE Std.Sat.AIG.RefVecOperator
IMPORTED_MODULE Std.Tactic.BVDecide.Bitblast.BVExpr.Circuit.Impl.Operations.Eq
IMPORTED_MODULE Std.Tactic.BVDecide.Bitblast.BVExpr.Circuit.Impl.Operations.Add
IMPORTED_MODULE Std.Tactic.BVDecide.Bitblast.BVExpr.Circuit.Impl.Carry
IMPORTED_MODULE Std.Tactic.BVDecide.Bitblast.BVExpr.Circuit.Impl.Operations.Not
IMPORTED_MODULE Std.Tactic.BVDecide.Bitblast.BVExpr.Circuit.Impl.Operations.Ult
IMPORTED_MODULE Std.Tactic.BVDecide.Bitblast.BVExpr.Circuit.Impl.Operations.GetLsbD
IMPORTED_MODULE Std.Tactic.BVDecide.Bitblast.BVExpr.Circuit.Impl.Var
IMPORTED_MODULE Std.Tactic.BVDecide.Bitblast.BVExpr.Circuit.Impl.Const
IMPORTED_MODULE Std.Sat.AIG.If
IMPORTED_MODULE Std.Tactic.BVDecide.Bitblast.BVExpr.Circuit.Impl.Operations.ShiftLeft
IMPORTED_MODULE Std.Tactic.BVDecide.Bitblast.BVExpr.Circuit.Impl.Operations.ShiftRight
IMPORTED_MODULE Std.Tactic.BVDecide.Bitblast.BVExpr.Circuit.Impl.Operations.Append
IMPORTED_MODULE Std.Tactic.BVDecide.Bitblast.BVExpr.Circuit.Impl.Operations.Replicate
IMPORTED_MODULE Std.Tactic.BVDecide.Bitblast.BVExpr.Circuit.Impl.Operations.Extract
IMPORTED_MODULE Std.Tactic.BVDecide.Bitblast.BVExpr.Circuit.Impl.Operations.RotateLeft
IMPORTED_MODULE Std.Tactic.BVDecide.Bitblast.BVExpr.Circuit.Impl.Operations.RotateRight
IMPORTED_MODULE Std.Tactic.BVDecide.Bitblast.BVExpr.Circuit.Impl.Operations.Mul
IMPORTED_MODULE Std.Tactic.BVDecide.Bitblast.BVExpr.Circuit.Impl.Operations.Neg
IMPORTED_MODULE Std.Tactic.BVDecide.Bitblast.BVExpr.Circuit.Impl.Operations.Sub
IMPORTED_MODULE Std.Tactic.BVDecide.Bitblast.BVExpr.Circuit.Impl.Operations.ZeroExtend
IMPORTED_MODULE Std.Tactic.BVDecide.Bitblast.BVExpr.Circuit.Impl.Operations.Udiv
IMPORTED_MODULE Std.Tactic.BVDecide.Bitblast.BVExpr.Circuit.Impl.Operations.Umod
IMPORTED_MODULE Std.Tactic.BVDecide.Bitblast.BVExpr.Circuit.Impl.Expr
IMPORTED_MODULE Std.Tactic.BVDecide.Bitblast.BVExpr.Circuit.Impl.Pred
IMPORTED_MODULE Std.Tactic.BVDecide.Bitblast.BVExpr.Circuit.Impl.Substructure
IMPORTED_MODULE Std.Tactic.BVDecide.Bitblast.BVExpr.Circuit.Impl
IMPORTED_MODULE Std.Tactic.BVDecide.Bitblast.BVExpr.Circuit.Lemmas.Basic
IMPORTED_MODULE Std.Tactic.BVDecide.Bitblast.BVExpr.Circuit.Lemmas.Operations.Eq
IMPORTED_MODULE Std.Tactic.BVDecide.Bitblast.BVExpr.Circuit.Lemmas.Operations.Add
IMPORTED_MODULE Std.Tactic.BVDecide.Bitblast.BVExpr.Circuit.Lemmas.Carry
IMPORTED_MODULE Std.Tactic.BVDecide.Bitblast.BVExpr.Circuit.Lemmas.Operations.Not
IMPORTED_MODULE Std.Tactic.BVDecide.Bitblast.BVExpr.Circuit.Lemmas.Operations.Ult
IMPORTED_MODULE Std.Tactic.BVDecide.Bitblast.BVExpr.Circuit.Lemmas.Operations.GetLsbD
IMPORTED_MODULE Std.Tactic.BVDecide.Bitblast.BVExpr.Circuit.Lemmas.Const
IMPORTED_MODULE Std.Tactic.BVDecide.Bitblast.BVExpr.Circuit.Lemmas.Var
IMPORTED_MODULE Std.Tactic.BVDecide.Bitblast.BVExpr.Circuit.Lemmas.Operations.ShiftLeft
IMPORTED_MODULE Std.Tactic.BVDecide.Bitblast.BVExpr.Circuit.Lemmas.Operations.ShiftRight
IMPORTED_MODULE Std.Tactic.BVDecide.Bitblast.BVExpr.Circuit.Lemmas.Operations.Append
IMPORTED_MODULE Std.Tactic.BVDecide.Bitblast.BVExpr.Circuit.Lemmas.Operations.Replicate
IMPORTED_MODULE Std.Tactic.BVDecide.Bitblast.BVExpr.Circuit.Lemmas.Operations.Extract
IMPORTED_MODULE Std.Tactic.BVDecide.Bitblast.BVExpr.Circuit.Lemmas.Operations.RotateLeft
IMPORTED_MODULE Std.Tactic.BVDecide.Bitblast.BVExpr.Circuit.Lemmas.Operations.RotateRight
IMPORTED_MODULE Std.Tactic.BVDecide.Bitblast.BVExpr.Circuit.Lemmas.Operations.Mul
IMPORTED_MODULE Std.Tactic.BVDecide.Bitblast.BVExpr.Circuit.Lemmas.Operations.Neg
IMPORTED_MODULE Std.Tactic.BVDecide.Bitblast.BVExpr.Circuit.Lemmas.Operations.Sub
IMPORTED_MODULE Std.Tactic.BVDecide.Bitblast.BVExpr.Circuit.Lemmas.Operations.ZeroExtend
IMPORTED_MODULE Std.Tactic.BVDecide.Normalize.Bool
IMPORTED_MODULE Std.Tactic.BVDecide.Normalize.Canonicalize
IMPORTED_MODULE Std.Tactic.BVDecide.Normalize.BitVec
IMPORTED_MODULE Std.Tactic.BVDecide.Bitblast.BVExpr.Circuit.Lemmas.Operations.Udiv
IMPORTED_MODULE Std.Tactic.BVDecide.Bitblast.BVExpr.Circuit.Lemmas.Operations.Umod
IMPORTED_MODULE Std.Tactic.BVDecide.Bitblast.BVExpr.Circuit.Lemmas.Expr
IMPORTED_MODULE Std.Tactic.BVDecide.Bitblast.BVExpr.Circuit.Lemmas.Pred
IMPORTED_MODULE Std.Tactic.BVDecide.Bitblast.BVExpr.Circuit.Lemmas
IMPORTED_MODULE Std.Tactic.BVDecide.Bitblast.BVExpr.Circuit
IMPORTED_MODULE Std.Tactic.BVDecide.Bitblast.BVExpr
IMPORTED_MODULE Std.Tactic.BVDecide.Bitblast
IMPORTED_MODULE Lean.Elab.Tactic.BVDecide.Frontend.BVDecide.Reflect
IMPORTED_MODULE Std.Tactic.BVDecide.LRAT.Internal.Entails
IMPORTED_MODULE Std.Tactic.BVDecide.LRAT.Internal.PosFin
IMPORTED_MODULE Std.Tactic.BVDecide.LRAT.Internal.Assignment
IMPORTED_MODULE Std.Tactic.BVDecide.LRAT.Internal.Clause
IMPORTED_MODULE Std.Tactic.BVDecide.LRAT.Internal.Formula.Class
IMPORTED_MODULE Std.Tactic.BVDecide.LRAT.Internal.Formula.Implementation
IMPORTED_MODULE Std.Tactic.BVDecide.LRAT.Internal.CNF
IMPORTED_MODULE Std.Tactic.BVDecide.LRAT.Internal.Formula.Lemmas
IMPORTED_MODULE Std.Tactic.BVDecide.LRAT.Internal.Formula.RupAddResult
IMPORTED_MODULE Std.Tactic.BVDecide.LRAT.Internal.Formula.RupAddSound
IMPORTED_MODULE Std.Tactic.BVDecide.LRAT.Internal.Formula.RatAddResult
IMPORTED_MODULE Std.Tactic.BVDecide.LRAT.Internal.Formula.RatAddSound
IMPORTED_MODULE Std.Tactic.BVDecide.LRAT.Internal.Formula.Instance
IMPORTED_MODULE Std.Tactic.BVDecide.LRAT.Internal.Formula
IMPORTED_MODULE Std.Tactic.BVDecide.LRAT.Internal.Convert
IMPORTED_MODULE Std.Tactic.BVDecide.LRAT.Internal.LRATChecker
IMPORTED_MODULE Std.Tactic.BVDecide.LRAT.Internal.Actions
IMPORTED_MODULE Std.Tactic.BVDecide.LRAT.Internal.LRATCheckerSound
IMPORTED_MODULE Std.Tactic.BVDecide.LRAT.Checker
IMPORTED_MODULE Std.Tactic.BVDecide.Reflect
IMPORTED_MODULE Lean.Elab.Tactic.BVDecide.Frontend.BVDecide.ReifiedBVExpr
IMPORTED_MODULE Lean.Elab.Tactic.BVDecide.Frontend.BVDecide.ReifiedBVPred
IMPORTED_MODULE Lean.Elab.Tactic.BVDecide.Frontend.BVDecide.ReifiedBVLogical
IMPORTED_MODULE Lean.Elab.Tactic.BVDecide.Frontend.BVDecide.ReifiedLemmas
IMPORTED_MODULE Lean.Elab.Tactic.BVDecide.Frontend.BVDecide.Reify
IMPORTED_MODULE Lean.Elab.Tactic.BVDecide.Frontend.BVDecide.SatAtBVLogical
IMPORTED_MODULE Lean.Elab.Tactic.BVDecide.Frontend.Normalize.Basic
IMPORTED_MODULE Lean.Elab.Tactic.BVDecide.Frontend.Normalize.ApplyControlFlow
IMPORTED_MODULE Std.Tactic.BVDecide.Normalize.Equal
IMPORTED_MODULE Std.Tactic.BVDecide.Normalize.Prop
IMPORTED_MODULE Std.Tactic.BVDecide.Normalize
IMPORTED_MODULE Lean.Elab.Tactic.BVDecide.Frontend.Normalize.Simproc
IMPORTED_MODULE Lean.Elab.Tactic.BVDecide.Frontend.Normalize.Rewrite
IMPORTED_MODULE Lean.Elab.Tactic.BVDecide.Frontend.Normalize.AndFlatten
IMPORTED_MODULE Lean.Elab.Tactic.BVDecide.Frontend.Normalize.EmbeddedConstraint
IMPORTED_MODULE Lean.Meta.Tactic.AC.Main
IMPORTED_MODULE Lean.Elab.Tactic.BVDecide.Frontend.Normalize.AC
IMPORTED_MODULE Lean.Elab.Tactic.BVDecide.Frontend.Normalize.Structures
IMPORTED_MODULE Lean.Elab.Tactic.BVDecide.Frontend.Normalize.IntToBitVec
IMPORTED_MODULE Lean.Elab.Tactic.BVDecide.Frontend.Normalize.TypeAnalysis
IMPORTED_MODULE Lean.Elab.Tactic.BVDecide.Frontend.Normalize.Enums
IMPORTED_MODULE Lean.Elab.Tactic.BVDecide.Frontend.Normalize.ShortCircuit
IMPORTED_MODULE Lean.Elab.Tactic.BVDecide.Frontend.Normalize
IMPORTED_MODULE Lean.Elab.Tactic.BVDecide.Frontend.LRAT
IMPORTED_MODULE Lean.Elab.Tactic.BVDecide.Frontend.BVDecide
IMPORTED_MODULE Lean.Elab.Tactic.BVDecide.Frontend.BVCheck
IMPORTED_MODULE Lean.Elab.Tactic.BVDecide.Frontend.BVTrace
IMPORTED_MODULE Lean.Elab.Tactic.BVDecide.Frontend
IMPORTED_MODULE Lean.Elab.Tactic.BVDecide
IMPORTED_MODULE Lean.Elab.Tactic.BoolToPropSimps
IMPORTED_MODULE Lean.Elab.Tactic.Classical
IMPORTED_MODULE Lean.Meta.Tactic.Grind.Util
IMPORTED_MODULE Lean.Meta.Tactic.Grind.EMatchTheorem
IMPORTED_MODULE Lean.Meta.Tactic.Grind.Cases
IMPORTED_MODULE Lean.Meta.Tactic.Grind.Attr
IMPORTED_MODULE Lean.Meta.Tactic.Grind.RevertAll
IMPORTED_MODULE Std.Data.TreeSet.Basic
IMPORTED_MODULE Std.Data.TreeSet.Raw.Basic
IMPORTED_MODULE Std.Data.TreeSet.AdditionalOperations
IMPORTED_MODULE Std.Data.DTreeMap.Internal.Lemmas
IMPORTED_MODULE Std.Data.DTreeMap.Lemmas
IMPORTED_MODULE Std.Data.TreeMap.Lemmas
IMPORTED_MODULE Std.Data.TreeSet.Lemmas
IMPORTED_MODULE Std.Data.TreeSet
IMPORTED_MODULE Lean.Meta.Tactic.Grind.ENodeKey
IMPORTED_MODULE Lean.Meta.Tactic.Grind.Arith.Util
IMPORTED_MODULE Lean.Meta.Tactic.Grind.Arith.Offset.Util
IMPORTED_MODULE Lean.Meta.Tactic.Grind.Arith.Offset.Types
IMPORTED_MODULE Std.Internal.Rat
IMPORTED_MODULE Lean.Meta.Tactic.Grind.Arith.Cutsat.Types
IMPORTED_MODULE Lean.Meta.Tactic.Grind.Arith.Types
IMPORTED_MODULE Lean.Meta.Tactic.Grind.Types
IMPORTED_MODULE Lean.Meta.Tactic.Grind.Injection
IMPORTED_MODULE Lean.Meta.Tactic.Grind.Proof
IMPORTED_MODULE Lean.Meta.Tactic.Grind.MatchDiscrOnly
IMPORTED_MODULE Lean.Meta.Tactic.Grind.MarkNestedProofs
IMPORTED_MODULE Lean.Util.FVarSubset
IMPORTED_MODULE Lean.Meta.Tactic.Grind.Canon
IMPORTED_MODULE Lean.Meta.Tactic.Grind.Simp
IMPORTED_MODULE Lean.Meta.Tactic.Grind.ProveEq
IMPORTED_MODULE Lean.Meta.Tactic.Grind.PropagatorAttr
IMPORTED_MODULE Lean.Meta.Tactic.Grind.MatchCond
IMPORTED_MODULE Lean.Meta.Tactic.Grind.Arith.Offset.Proof
IMPORTED_MODULE Lean.Meta.Tactic.Grind.Arith.Offset.Main
IMPORTED_MODULE Lean.Meta.Tactic.Grind.Arith.Offset
IMPORTED_MODULE Lean.Meta.Tactic.Grind.Arith.Cutsat.Util
IMPORTED_MODULE Lean.Meta.Tactic.Grind.Arith.Cutsat.Nat
IMPORTED_MODULE Lean.Meta.Tactic.Grind.Arith.Cutsat.Var
IMPORTED_MODULE Lean.Meta.Tactic.Grind.Arith.Cutsat.Inv
IMPORTED_MODULE Lean.Meta.Tactic.Grind.Arith.Inv
IMPORTED_MODULE Lean.Meta.Tactic.Grind.Inv
IMPORTED_MODULE Lean.Meta.Tactic.Grind.Arith.Offset.Model
IMPORTED_MODULE Lean.Meta.Tactic.Grind.Arith.Cutsat.Model
IMPORTED_MODULE Lean.Meta.Tactic.Grind.Arith.Model
IMPORTED_MODULE Lean.Meta.Tactic.Grind.PP
IMPORTED_MODULE Lean.Meta.Tactic.Grind.Ctor
IMPORTED_MODULE Lean.Meta.Tactic.Grind.Beta
IMPORTED_MODULE Lean.Meta.Tactic.Grind.Diseq
IMPORTED_MODULE Lean.Meta.Tactic.Grind.Arith.Cutsat.Proof
IMPORTED_MODULE Lean.Meta.Tactic.Grind.Arith.Cutsat.Norm
IMPORTED_MODULE Lean.Meta.Tactic.Grind.Arith.Cutsat.DvdCnstr
IMPORTED_MODULE Lean.Meta.Tactic.Grind.Arith.Cutsat.LeCnstr
IMPORTED_MODULE Lean.Meta.Tactic.Grind.Arith.Cutsat.EqCnstr
IMPORTED_MODULE Lean.Meta.Tactic.Grind.Arith.Internalize
IMPORTED_MODULE Lean.Meta.Tactic.Grind.Internalize
IMPORTED_MODULE Lean.Meta.Tactic.Grind.Core
IMPORTED_MODULE Lean.Meta.Tactic.Grind.Ext
IMPORTED_MODULE Lean.Meta.Tactic.Grind.Propagate
IMPORTED_MODULE Lean.Meta.Tactic.Grind.Parser
IMPORTED_MODULE Lean.Meta.Match.MatcherApp
IMPORTED_MODULE Lean.Meta.Tactic.Grind.CasesMatch
IMPORTED_MODULE Lean.Meta.Tactic.Grind.Combinators
IMPORTED_MODULE Lean.Meta.Tactic.Grind.Intro
IMPORTED_MODULE Lean.Meta.Tactic.Grind.EMatch
IMPORTED_MODULE Lean.Meta.Tactic.Grind.Proj
IMPORTED_MODULE Lean.Meta.Tactic.Grind.EqResolution
IMPORTED_MODULE Lean.Meta.Tactic.Grind.ForallProp
IMPORTED_MODULE Lean.Meta.Tactic.Grind.Split
IMPORTED_MODULE Lean.Meta.Tactic.Grind.Arith.Cutsat.SearchM
IMPORTED_MODULE Lean.Meta.Tactic.Grind.Arith.Cutsat.Search
IMPORTED_MODULE Lean.Meta.Tactic.Grind.Arith.Main
IMPORTED_MODULE Lean.Meta.Tactic.Grind.MBTC
IMPORTED_MODULE Lean.Meta.Tactic.Grind.Arith.Cutsat.MBTC
IMPORTED_MODULE Lean.Meta.Tactic.Grind.Arith.Cutsat
IMPORTED_MODULE Lean.Meta.Tactic.Grind.Arith
IMPORTED_MODULE Lean.Meta.Tactic.Grind.Solve
IMPORTED_MODULE Lean.Meta.Tactic.Grind.SimpUtil
IMPORTED_MODULE Lean.Meta.Tactic.Grind.Main
IMPORTED_MODULE Lean.Meta.Tactic.Grind
IMPORTED_MODULE Lean.Elab.Tactic.Grind
IMPORTED_MODULE Lean.Meta.Tactic.Try.Collect
IMPORTED_MODULE Lean.Meta.Tactic.Try
IMPORTED_MODULE Lean.Elab.Tactic.Try
IMPORTED_MODULE Lean.Elab.Tactic.AsAuxLemma
IMPORTED_MODULE Lean.Elab.Tactic.TreeTacAttr
IMPORTED_MODULE Lean.Elab.Tactic.ExposeNames
IMPORTED_MODULE Lean.Elab.Tactic.SimpArith
IMPORTED_MODULE Lean.Elab.Tactic
IMPORTED_MODULE Lean.Elab.StructInst
IMPORTED_MODULE Lean.Elab.Inductive
IMPORTED_MODULE Lean.Elab.Structure
IMPORTED_MODULE Lean.Util.CollectAxioms
IMPORTED_MODULE Lean.Elab.Print
IMPORTED_MODULE Lean.Elab.PreDefinition.WF
IMPORTED_MODULE Lean.Elab.PreDefinition.Nonrec.Eqns
IMPORTED_MODULE Lean.Elab.PreDefinition.EqUnfold
IMPORTED_MODULE Lean.Elab.PreDefinition
IMPORTED_MODULE Lean.Elab.Deriving.Util
IMPORTED_MODULE Lean.Elab.Deriving.Inhabited
IMPORTED_MODULE Lean.Elab.Deriving.Nonempty
IMPORTED_MODULE Lean.Elab.Deriving.TypeName
IMPORTED_MODULE Lean.Elab.Deriving.BEq
IMPORTED_MODULE Lean.Meta.Inductive
IMPORTED_MODULE Lean.Elab.Deriving.DecEq
IMPORTED_MODULE Lean.Elab.Deriving.Repr
IMPORTED_MODULE Lean.Elab.Deriving.FromToJson
IMPORTED_MODULE Lean.Elab.Deriving.SizeOf
IMPORTED_MODULE Lean.Elab.Deriving.Hashable
IMPORTED_MODULE Lean.Elab.Deriving.Ord
IMPORTED_MODULE Lean.Elab.Deriving.ToExpr
IMPORTED_MODULE Lean.Elab.Deriving
IMPORTED_MODULE Lean.Elab.Extra
IMPORTED_MODULE Lean.Elab.GenInjective
IMPORTED_MODULE Lean.Elab.Macro
IMPORTED_MODULE Lean.Elab.Notation
IMPORTED_MODULE Lean.Elab.Mixfix
IMPORTED_MODULE Lean.Elab.MacroRules
IMPORTED_MODULE Lean.Elab.BuiltinCommand
IMPORTED_MODULE Lean.Elab.BuiltinEvalCommand
IMPORTED_MODULE Lean.Elab.InheritDoc
IMPORTED_MODULE Lean.Util.Diff
IMPORTED_MODULE Lean.Elab.GuardMsgs
IMPORTED_MODULE Lean.Meta.CheckTactic
IMPORTED_MODULE Lean.Elab.CheckTactic
IMPORTED_MODULE Lean.Elab.MatchExpr
IMPORTED_MODULE Lean.Elab.Time
IMPORTED_MODULE Lean.Elab.RecommendedSpelling
IMPORTED_MODULE Lean.Elab.InfoTrees
IMPORTED_MODULE Lean.Elab
IMPORTED_MODULE Lean.Meta.LevelDefEq
IMPORTED_MODULE Lean.Meta.UnificationHint
IMPORTED_MODULE Lean.Meta.ExprDefEq
IMPORTED_MODULE Lean.Meta.Tactic.AC
IMPORTED_MODULE Lean.Meta.Tactic.FunInd
IMPORTED_MODULE Lean.Meta.Tactic
IMPORTED_MODULE Lean.Meta.ExprLens
IMPORTED_MODULE Lean.Meta.ExprTraverse
IMPORTED_MODULE Lean.Meta
IMPORTED_MODULE Lean.Util.TestExtern
IMPORTED_MODULE Lean.Util.LeanOptions
IMPORTED_MODULE Lean.Util.FileSetupInfo
IMPORTED_MODULE Lean.Util.SearchPath
IMPORTED_MODULE Lean.Util
IMPORTED_MODULE Lean.Server.Watchdog
IMPORTED_MODULE Std.Sync.Channel
IMPORTED_MODULE Lean.Server.FileWorker.WidgetRequests
IMPORTED_MODULE Lean.Util.LakePath
IMPORTED_MODULE Lean.Server.FileWorker.SetupFile
IMPORTED_MODULE Lean.Server.Completion.ImportCompletion
IMPORTED_MODULE Lean.Server.FileWorker
IMPORTED_MODULE Lean.Server.Rpc.Deriving
IMPORTED_MODULE Lean.Server.Rpc
IMPORTED_MODULE Lean.Server.Test.Cancel
IMPORTED_MODULE Lean.Widget
IMPORTED_MODULE Lean.Server.Test.Runner
IMPORTED_MODULE Lean.Server.Test
IMPORTED_MODULE Lean.Server
IMPORTED_MODULE Lean.Linter.Builtin
IMPORTED_MODULE Lean.Linter.ConstructorAsVariable
IMPORTED_MODULE Lean.Linter.Omit
IMPORTED_MODULE Lean.Linter.List
IMPORTED_MODULE Lean.Linter
IMPORTED_MODULE Lean.Replay
IMPORTED_MODULE Lean.PremiseSelection
IMPORTED_MODULE Lean
IMPORTED_MODULE Mathlib.Tactic.PPWithUniv
IMPORTED_MODULE Mathlib.Tactic.ExtendDoc
IMPORTED_MODULE Mathlib.Tactic.Simproc.ExistsAndEq
IMPORTED_MODULE Mathlib.Tactic.Basic
IMPORTED_MODULE Mathlib.Logic.Basic
IMPORTED_MODULE Mathlib.Logic.ExistsUnique
IMPORTED_MODULE Mathlib.Logic.Nonempty
IMPORTED_MODULE Mathlib.Logic.Nontrivial.Defs
IMPORTED_MODULE Batteries.Tactic.Init
IMPORTED_MODULE Mathlib.Tactic.Core
IMPORTED_MODULE Mathlib.Tactic.SplitIfs
IMPORTED_MODULE Mathlib.Order.Defs.Unbundled
IMPORTED_MODULE Mathlib.Logic.Function.Basic
IMPORTED_MODULE Mathlib.Util.CompileInductive
IMPORTED_MODULE Mathlib.Data.FunLike.Basic
IMPORTED_MODULE Mathlib.Logic.Function.Conjugate
IMPORTED_MODULE Mathlib.Logic.Function.Iterate
IMPORTED_MODULE Mathlib.Algebra.Group.Hom.Defs
IMPORTED_MODULE Batteries.Tactic.SeqFocus
IMPORTED_MODULE Batteries.Classes.Order
IMPORTED_MODULE Mathlib.Data.Ordering.Basic
IMPORTED_MODULE Mathlib.Order.Defs.PartialOrder
IMPORTED_MODULE Mathlib.Order.Defs.LinearOrder
IMPORTED_MODULE Mathlib.Data.Bool.Basic
IMPORTED_MODULE Mathlib.Data.FunLike.Embedding
IMPORTED_MODULE Mathlib.Data.FunLike.Equiv
IMPORTED_MODULE Mathlib.Logic.Relator
IMPORTED_MODULE Mathlib.Tactic.WithoutCDot
IMPORTED_MODULE Mathlib.Tactic.Use
IMPORTED_MODULE Batteries.Lean.Position
IMPORTED_MODULE Batteries.CodeAction.Misc
IMPORTED_MODULE Batteries.CodeAction
IMPORTED_MODULE Mathlib.Lean.Meta
IMPORTED_MODULE Mathlib.Tactic.MkIffOfInductiveProp
IMPORTED_MODULE Mathlib.Tactic.SimpRw
IMPORTED_MODULE Mathlib.Logic.Relation
IMPORTED_MODULE Mathlib.Logic.IsEmpty
IMPORTED_MODULE Mathlib.Tactic.Inhabit
IMPORTED_MODULE Mathlib.Logic.Unique
IMPORTED_MODULE Mathlib.Lean.Elab.Term
IMPORTED_MODULE Mathlib.Lean.PrettyPrinter.Delaborator
IMPORTED_MODULE Mathlib.Util.WithWeakNamespace
IMPORTED_MODULE Mathlib.Tactic.ScopedNS
IMPORTED_MODULE Batteries.Linter.UnreachableTactic
IMPORTED_MODULE Batteries.Lean.Syntax
IMPORTED_MODULE Mathlib.Util.Notation3
IMPORTED_MODULE Mathlib.Data.Quot
IMPORTED_MODULE Mathlib.Data.Subtype
IMPORTED_MODULE Mathlib.Tactic.Conv
IMPORTED_MODULE Mathlib.Tactic.Substs
IMPORTED_MODULE Mathlib.Logic.Equiv.Defs
IMPORTED_MODULE Mathlib.Algebra.Group.Equiv.Defs
IMPORTED_MODULE Aesop.Check
IMPORTED_MODULE Aesop.Options.Public
IMPORTED_MODULE Aesop.Options.Internal
IMPORTED_MODULE Aesop.Options
IMPORTED_MODULE Aesop.Forward.PremiseIndex
IMPORTED_MODULE Aesop.Forward.SlotIndex
IMPORTED_MODULE Aesop.Forward.LevelIndex
IMPORTED_MODULE Aesop.RPINF.Basic
IMPORTED_MODULE Aesop.Index.DiscrTreeConfig
IMPORTED_MODULE Aesop.Nanos
IMPORTED_MODULE Batteries.Data.Array.Merge
IMPORTED_MODULE Aesop.Util.UnorderedArraySet
IMPORTED_MODULE Batteries.Lean.Expr
IMPORTED_MODULE Batteries.Data.String.Basic
IMPORTED_MODULE Aesop.Util.Basic
IMPORTED_MODULE Aesop.Forward.Substitution
IMPORTED_MODULE Aesop.Rule.Name
IMPORTED_MODULE Batteries.Data.Array.Init.Lemmas
IMPORTED_MODULE Batteries.Data.Array.Basic
IMPORTED_MODULE Aesop.Tracing
IMPORTED_MODULE Aesop.Stats.Basic
IMPORTED_MODULE Aesop.RulePattern.Cache
IMPORTED_MODULE Aesop.BaseM
IMPORTED_MODULE Aesop.RPINF
IMPORTED_MODULE Aesop.RulePattern
IMPORTED_MODULE Aesop.Util.UnionFind
IMPORTED_MODULE Aesop.Forward.RuleInfo
IMPORTED_MODULE Aesop.Percent
IMPORTED_MODULE Aesop.RuleTac.RuleTerm
IMPORTED_MODULE Aesop.Rule.Forward
IMPORTED_MODULE Aesop.Forward.Match.Types
IMPORTED_MODULE Aesop.Index.Basic
IMPORTED_MODULE Aesop.RuleTac.FVarIdSubst
IMPORTED_MODULE Aesop.RuleTac.GoalDiff
IMPORTED_MODULE Aesop.Script.CtorNames
IMPORTED_MODULE Batteries.Lean.Meta.Basic
IMPORTED_MODULE Aesop.Util.EqualUpToIds
IMPORTED_MODULE Aesop.Script.Tactic
IMPORTED_MODULE Aesop.Script.GoalWithMVars
IMPORTED_MODULE Aesop.Script.TacticState
IMPORTED_MODULE Batteries.Lean.MonadBacktrack
IMPORTED_MODULE Batteries.Lean.Meta.SavedState
IMPORTED_MODULE Aesop.Script.Util
IMPORTED_MODULE Batteries.Data.List.Init.Lemmas
IMPORTED_MODULE Batteries.Data.List.Basic
IMPORTED_MODULE Batteries.Tactic.PermuteGoals
IMPORTED_MODULE Aesop.Script.Step
IMPORTED_MODULE Aesop.RuleTac.Basic
IMPORTED_MODULE Aesop.RuleTac.Descr
IMPORTED_MODULE Aesop.Rule.Basic
IMPORTED_MODULE Aesop.Rule
IMPORTED_MODULE Aesop.ElabM
IMPORTED_MODULE Aesop.RuleTac.ElabRuleTerm
IMPORTED_MODULE Aesop.RuleTac.Forward.Basic
IMPORTED_MODULE Aesop.Util.Tactic
IMPORTED_MODULE Aesop.Util.Tactic.Ext
IMPORTED_MODULE Aesop.Util.Tactic.Unfold
IMPORTED_MODULE Aesop.Script.ScriptM
IMPORTED_MODULE Batteries.Lean.Meta.Inaccessible
IMPORTED_MODULE Aesop.Script.SpecificTactics
IMPORTED_MODULE Batteries.Lean.Meta.UnusedNames
IMPORTED_MODULE Aesop.Forward.Match
IMPORTED_MODULE Batteries.Lean.Meta.Expr
IMPORTED_MODULE Batteries.Lean.PersistentHashMap
IMPORTED_MODULE Batteries.Lean.Meta.DiscrTree
IMPORTED_MODULE Aesop.Index.RulePattern
IMPORTED_MODULE Batteries.Lean.Meta.InstantiateMVars
IMPORTED_MODULE Batteries.Lean.PersistentHashSet
IMPORTED_MODULE Aesop.Index
IMPORTED_MODULE Aesop.Index.Forward
IMPORTED_MODULE Aesop.RuleSet.Name
IMPORTED_MODULE Aesop.RuleSet.Filter
IMPORTED_MODULE Aesop.RuleSet.Member
IMPORTED_MODULE Aesop.Tree.Data.ForwardRuleMatches
IMPORTED_MODULE Aesop.RuleSet
IMPORTED_MODULE Aesop.Script.UScript
IMPORTED_MODULE Aesop.Script.Check
IMPORTED_MODULE Aesop.Script.SScript
IMPORTED_MODULE Aesop.Script.UScriptToSScript
IMPORTED_MODULE Aesop.Script.StructureDynamic
IMPORTED_MODULE Aesop.Script.StructureStatic
IMPORTED_MODULE Aesop.Script.OptimizeSyntax
IMPORTED_MODULE Aesop.Script.Main
IMPORTED_MODULE Aesop.Forward.State
IMPORTED_MODULE Aesop.Forward.State.ApplyGoalDiff
IMPORTED_MODULE Aesop.RuleTac.Apply
IMPORTED_MODULE Aesop.RuleTac.Cases
IMPORTED_MODULE Aesop.RuleTac.Forward
IMPORTED_MODULE Aesop.RuleTac.Preprocess
IMPORTED_MODULE Aesop.RuleTac.Tactic
IMPORTED_MODULE Aesop.RuleTac
IMPORTED_MODULE Aesop.Search.Expansion.Basic
IMPORTED_MODULE Aesop.Search.Expansion.Simp
IMPORTED_MODULE Aesop.Constants
IMPORTED_MODULE Aesop.Tree.UnsafeQueue
IMPORTED_MODULE Aesop.Tree.Data
IMPORTED_MODULE Aesop.Tree.RunMetaM
IMPORTED_MODULE Aesop.Search.Queue.Class
IMPORTED_MODULE Aesop.Forward.State.Initial
IMPORTED_MODULE Aesop.Tree.TreeM
IMPORTED_MODULE Aesop.Search.SearchM
IMPORTED_MODULE Aesop.Search.RuleSelection
IMPORTED_MODULE Aesop.Tree.Traversal
IMPORTED_MODULE Aesop.Tree.State
IMPORTED_MODULE Batteries.Lean.HashSet
IMPORTED_MODULE Aesop.Search.Expansion.Norm
IMPORTED_MODULE Aesop.Tree.AddRapp
IMPORTED_MODULE Aesop.Search.Expansion
IMPORTED_MODULE Aesop.Exception
IMPORTED_MODULE Aesop.Search.ExpandSafePrefix
IMPORTED_MODULE Aesop.Tree.Check
IMPORTED_MODULE Aesop.Tree.ExtractProof
IMPORTED_MODULE Aesop.Tree.ExtractScript
IMPORTED_MODULE Aesop.Tree.Free
IMPORTED_MODULE Aesop.Tree.Tracing
IMPORTED_MODULE Aesop.Tree
IMPORTED_MODULE Batteries.Control.ForInStep.Basic
IMPORTED_MODULE Batteries.Data.BinomialHeap.Basic
IMPORTED_MODULE Aesop.Search.Queue
IMPORTED_MODULE Aesop.Frontend.Extension.Init
IMPORTED_MODULE Aesop.Frontend.Extension
IMPORTED_MODULE Aesop.Search.Main
IMPORTED_MODULE Aesop.Builder.Basic
IMPORTED_MODULE Aesop.Builder.Cases
IMPORTED_MODULE Aesop.Builder.Constructors
IMPORTED_MODULE Aesop.Builder.NormSimp
IMPORTED_MODULE Aesop.Builder.Tactic
IMPORTED_MODULE Aesop.Builder.Apply
IMPORTED_MODULE Aesop.Builder.Default
IMPORTED_MODULE Aesop.Builder.Forward
IMPORTED_MODULE Aesop.Builder.Unfold
IMPORTED_MODULE Aesop.Frontend.RuleExpr
IMPORTED_MODULE Aesop.Frontend.Tactic
IMPORTED_MODULE Aesop.Stats.Extension
IMPORTED_MODULE Aesop.Main
IMPORTED_MODULE Aesop.Frontend.Basic
IMPORTED_MODULE Aesop.Stats.Report
IMPORTED_MODULE Aesop.Frontend.Command
IMPORTED_MODULE Aesop.Saturate
IMPORTED_MODULE Aesop.Frontend.Saturate
IMPORTED_MODULE Aesop.Frontend.Attribute
IMPORTED_MODULE Aesop.BuiltinRules.Assumption
IMPORTED_MODULE Aesop.BuiltinRules.ApplyHyps
IMPORTED_MODULE Aesop.BuiltinRules.DestructProducts
IMPORTED_MODULE Aesop.BuiltinRules.Ext
IMPORTED_MODULE Aesop.BuiltinRules.Intros
IMPORTED_MODULE Aesop.BuiltinRules.Rfl
IMPORTED_MODULE Aesop.BuiltinRules.Split
IMPORTED_MODULE Aesop.BuiltinRules.Subst
IMPORTED_MODULE Aesop.BuiltinRules
IMPORTED_MODULE Aesop
IMPORTED_MODULE Mathlib.Data.Nat.Init
IMPORTED_MODULE Mathlib.Data.Int.Init
IMPORTED_MODULE Mathlib.Algebra.Group.Basic
IMPORTED_MODULE Mathlib.Algebra.Group.Hom.Basic
IMPORTED_MODULE Mathlib.Data.Sum.Basic
IMPORTED_MODULE Mathlib.Lean.Meta.CongrTheorems
IMPORTED_MODULE Mathlib.Tactic.CongrExclamation
IMPORTED_MODULE Mathlib.Tactic.Convert
IMPORTED_MODULE Mathlib.Control.EquivFunctor
IMPORTED_MODULE Mathlib.Control.Combinators
IMPORTED_MODULE Mathlib.Data.Option.Defs
IMPORTED_MODULE Mathlib.Data.Option.Basic
IMPORTED_MODULE Mathlib.Logic.Equiv.Option
IMPORTED_MODULE Mathlib.Data.Sigma.Basic
IMPORTED_MODULE Mathlib.Tactic.Push
IMPORTED_MODULE Mathlib.Tactic.Contrapose
IMPORTED_MODULE Mathlib.Logic.Equiv.Prod
IMPORTED_MODULE Mathlib.Tactic.Coe
IMPORTED_MODULE Mathlib.Logic.Equiv.Sum
IMPORTED_MODULE Mathlib.Lean.Meta.Basic
IMPORTED_MODULE Mathlib.Tactic.CC.Datatypes
IMPORTED_MODULE Mathlib.Tactic.CC.Lemmas
IMPORTED_MODULE Mathlib.Tactic.Relation.Rfl
IMPORTED_MODULE Mathlib.Tactic.Relation.Symm
IMPORTED_MODULE Mathlib.Tactic.CC.MkProof
IMPORTED_MODULE Mathlib.Tactic.CC.Addition
IMPORTED_MODULE Mathlib.Tactic.CC
IMPORTED_MODULE Mathlib.Tactic.Lift
IMPORTED_MODULE Mathlib.Logic.Equiv.Basic
IMPORTED_MODULE Mathlib.Algebra.Group.Equiv.Basic
IMPORTED_MODULE Mathlib.Algebra.Group.Semiconj.Defs
IMPORTED_MODULE Mathlib.Algebra.Group.Commute.Defs
IMPORTED_MODULE Mathlib.Data.Nat.Cast.Defs
IMPORTED_MODULE Mathlib.Data.Int.Cast.Defs
IMPORTED_MODULE Batteries.Lean.Except
IMPORTED_MODULE Batteries.Tactic.Exact
IMPORTED_MODULE Batteries.Lean.TagAttribute
IMPORTED_MODULE Batteries.Lean.AttributeExtra
IMPORTED_MODULE Batteries.Linter.UnnecessarySeqFocus
IMPORTED_MODULE Batteries.Linter
IMPORTED_MODULE Batteries.Util.ProofWanted
IMPORTED_MODULE Batteries.Tactic.Basic
IMPORTED_MODULE Mathlib.Tactic.GCongr.ForwardAttr
IMPORTED_MODULE Mathlib.Tactic.GCongr.Core
IMPORTED_MODULE Mathlib.Tactic.GCongr.CoreAttrs
IMPORTED_MODULE Mathlib.Data.Nat.Basic
IMPORTED_MODULE Mathlib.Data.Int.Cast.Basic
IMPORTED_MODULE Mathlib.Tactic.Spread
IMPORTED_MODULE Mathlib.Algebra.Group.InjSurj
IMPORTED_MODULE Mathlib.Data.Prod.Basic
IMPORTED_MODULE Mathlib.Logic.Nontrivial.Basic
IMPORTED_MODULE Mathlib.Algebra.Opposites
IMPORTED_MODULE Batteries.Data.NameSet
IMPORTED_MODULE ImportGraph.RequiredModules
IMPORTED_MODULE ImportGraph.Imports
IMPORTED_MODULE Mathlib.Tactic.MinImports
IMPORTED_MODULE Mathlib.Algebra.Group.Opposite
IMPORTED_MODULE Mathlib.Algebra.Group.Equiv.Opposite
IMPORTED_MODULE Mathlib.Algebra.Group.Pi.Basic
IMPORTED_MODULE Mathlib.Tactic.Set
IMPORTED_MODULE Mathlib.Algebra.Group.TypeTags.Basic
IMPORTED_MODULE Mathlib.Algebra.Group.Even
IMPORTED_MODULE Mathlib.Algebra.Group.Nat.Defs
IMPORTED_MODULE Batteries.Data.Nat.Basic
IMPORTED_MODULE Mathlib.Data.Nat.Sqrt
IMPORTED_MODULE Mathlib.Algebra.Group.Nat.Even
IMPORTED_MODULE Qq.ForLean.ReduceEval
IMPORTED_MODULE Qq.ForLean.ToExpr
IMPORTED_MODULE Qq.Typ
IMPORTED_MODULE Qq.Macro
IMPORTED_MODULE Qq.Delab
IMPORTED_MODULE Qq.MetaM
IMPORTED_MODULE Qq.Simp
IMPORTED_MODULE Qq.ForLean.Do
IMPORTED_MODULE Qq.SortLocalDecls
IMPORTED_MODULE Qq.Match
IMPORTED_MODULE Qq.AssertInstancesCommute
IMPORTED_MODULE Qq
IMPORTED_MODULE Plausible.Random
IMPORTED_MODULE Plausible.Gen
IMPORTED_MODULE Plausible.Sampleable
IMPORTED_MODULE Plausible.Testable
IMPORTED_MODULE Plausible.Functions
IMPORTED_MODULE Plausible.Attr
IMPORTED_MODULE Plausible.Tactic
IMPORTED_MODULE Plausible
IMPORTED_MODULE Batteries.Tactic.HelpCmd
IMPORTED_MODULE LeanSearchClient.Basic
IMPORTED_MODULE LeanSearchClient.Syntax
IMPORTED_MODULE LeanSearchClient.LoogleSyntax
IMPORTED_MODULE LeanSearchClient
IMPORTED_MODULE Mathlib.Tactic.ApplyCongr
IMPORTED_MODULE Mathlib.Tactic.ApplyAt
IMPORTED_MODULE Mathlib.Tactic.ApplyWith
IMPORTED_MODULE Mathlib.Tactic.ByContra
IMPORTED_MODULE Mathlib.Tactic.Cases
IMPORTED_MODULE Mathlib.Tactic.CasesM
IMPORTED_MODULE Mathlib.Tactic.Check
IMPORTED_MODULE Mathlib.Util.Tactic
IMPORTED_MODULE Mathlib.Tactic.Choose
IMPORTED_MODULE Mathlib.Tactic.ClearExclamation
IMPORTED_MODULE Mathlib.Tactic.ClearExcept
IMPORTED_MODULE Mathlib.Tactic.Clear_
IMPORTED_MODULE Mathlib.Tactic.TermCongr
IMPORTED_MODULE Mathlib.Tactic.CongrM
IMPORTED_MODULE Mathlib.Tactic.Constructor
IMPORTED_MODULE Mathlib.Tactic.DefEqTransformations
IMPORTED_MODULE Mathlib.Tactic.DeprecateTo
IMPORTED_MODULE Mathlib.Tactic.ErwQuestion
IMPORTED_MODULE Mathlib.Tactic.ExistsI
IMPORTED_MODULE Mathlib.Tactic.ExtractGoal
IMPORTED_MODULE Mathlib.Tactic.ExtractLets
IMPORTED_MODULE Mathlib.Tactic.FailIfNoProgress
IMPORTED_MODULE Batteries.Util.Cache
IMPORTED_MODULE Mathlib.Tactic.Find
IMPORTED_MODULE Mathlib.Tactic.GeneralizeProofs
IMPORTED_MODULE Mathlib.Tactic.GuardGoalNums
IMPORTED_MODULE Mathlib.Tactic.GuardHypNums
IMPORTED_MODULE Mathlib.Tactic.HigherOrder
IMPORTED_MODULE Batteries.Data.MLList.Basic
IMPORTED_MODULE Batteries.Control.Nondet.Basic
IMPORTED_MODULE Mathlib.Tactic.Hint
IMPORTED_MODULE Mathlib.Tactic.InferParam
IMPORTED_MODULE Mathlib.Util.TermReduce
IMPORTED_MODULE Mathlib.Tactic.IrreducibleDef
IMPORTED_MODULE Std.Time.Internal.Bounded
IMPORTED_MODULE Std.Time.Internal.UnitVal
IMPORTED_MODULE Std.Time.Internal
IMPORTED_MODULE Std.Time.Time.Unit.Nanosecond
IMPORTED_MODULE Std.Time.Time.Unit.Second
IMPORTED_MODULE Std.Time.Time.Unit.Minute
IMPORTED_MODULE Std.Time.Time.Unit.Hour
IMPORTED_MODULE Std.Time.Time.Unit.Millisecond
IMPORTED_MODULE Std.Time.Time.Unit.Basic
IMPORTED_MODULE Std.Time.Time.Basic
IMPORTED_MODULE Std.Time.Time.HourMarker
IMPORTED_MODULE Std.Time.Time.PlainTime
IMPORTED_MODULE Std.Time.Time
IMPORTED_MODULE Std.Time.Date.Unit.Day
IMPORTED_MODULE Std.Time.Date.Unit.Month
IMPORTED_MODULE Std.Time.Date.Unit.Year
IMPORTED_MODULE Std.Time.Date.Unit.Weekday
IMPORTED_MODULE Std.Time.Date.Unit.Week
IMPORTED_MODULE Std.Time.Date.Unit.Basic
IMPORTED_MODULE Std.Time.Date.ValidDate
IMPORTED_MODULE Std.Time.Date.Basic
IMPORTED_MODULE Std.Time.Date.PlainDate
IMPORTED_MODULE Std.Time.Date
IMPORTED_MODULE Std.Time.Duration
IMPORTED_MODULE Std.Time.DateTime.Timestamp
IMPORTED_MODULE Std.Time.DateTime.PlainDateTime
IMPORTED_MODULE Std.Time.DateTime
IMPORTED_MODULE Std.Time.Zoned.Offset
IMPORTED_MODULE Std.Time.Zoned.TimeZone
IMPORTED_MODULE Std.Time.Zoned.DateTime
IMPORTED_MODULE Std.Time.Zoned.ZoneRules
IMPORTED_MODULE Std.Time.Zoned.ZonedDateTime
IMPORTED_MODULE Std.Time.Zoned.Database.TzIf
IMPORTED_MODULE Std.Time.Zoned.Database.Basic
IMPORTED_MODULE Std.Time.Zoned.Database.TZdb
IMPORTED_MODULE Std.Time.Zoned.Database.Windows
IMPORTED_MODULE Std.Time.Zoned.Database
IMPORTED_MODULE Std.Time.Zoned
IMPORTED_MODULE Std.Time.Format.Basic
IMPORTED_MODULE Std.Time.Notation.Spec
IMPORTED_MODULE Std.Time.Format
IMPORTED_MODULE Mathlib.Tactic.Linter.DeprecatedModule
IMPORTED_MODULE Mathlib.Tactic.Linter.HaveLetLinter
IMPORTED_MODULE Mathlib.Tactic.Linter.MinImports
IMPORTED_MODULE Mathlib.Tactic.Linter.PPRoundtrip
IMPORTED_MODULE Mathlib.Tactic.Linter.UpstreamableDecl
IMPORTED_MODULE Mathlib.Tactic.Linter
IMPORTED_MODULE Mathlib.Tactic.NthRewrite
IMPORTED_MODULE Mathlib.Tactic.Observe
IMPORTED_MODULE Mathlib.Tactic.Propose
IMPORTED_MODULE Mathlib.Tactic.RSuffices
IMPORTED_MODULE Mathlib.Tactic.Recover
IMPORTED_MODULE Mathlib.Tactic.Rename
IMPORTED_MODULE Mathlib.Tactic.RenameBVar
IMPORTED_MODULE Mathlib.Tactic.Says
IMPORTED_MODULE Mathlib.Tactic.SimpIntro
IMPORTED_MODULE Mathlib.Tactic.Subsingleton
IMPORTED_MODULE Mathlib.Tactic.SuccessIfFailWithMsg
IMPORTED_MODULE Mathlib.Tactic.SudoSetOption
IMPORTED_MODULE Mathlib.Tactic.SwapVar
IMPORTED_MODULE Mathlib.Lean.Elab.Tactic.Basic
IMPORTED_MODULE Mathlib.Tactic.Tauto
IMPORTED_MODULE Mathlib.Util.WhatsNew
IMPORTED_MODULE Mathlib.Tactic.ToExpr
IMPORTED_MODULE Mathlib.Tactic.ToLevel
IMPORTED_MODULE Mathlib.Tactic.Trace
IMPORTED_MODULE Mathlib.Tactic.TypeCheck
IMPORTED_MODULE Mathlib.Tactic.UnsetOption
IMPORTED_MODULE Mathlib.Tactic.Variable
IMPORTED_MODULE ProofWidgets.Compat
IMPORTED_MODULE ProofWidgets.Component.Basic
IMPORTED_MODULE ProofWidgets.Component.MakeEditLink
IMPORTED_MODULE ProofWidgets.Util
IMPORTED_MODULE ProofWidgets.Data.Html
IMPORTED_MODULE ProofWidgets.Cancellable
IMPORTED_MODULE ProofWidgets.Component.OfRpcMethod
IMPORTED_MODULE Mathlib.Tactic.Widget.SelectInsertParamsClass
IMPORTED_MODULE Mathlib.Tactic.Widget.SelectPanelUtils
IMPORTED_MODULE Mathlib.Tactic.Widget.Calc
IMPORTED_MODULE Mathlib.Tactic.Widget.CongrM
IMPORTED_MODULE Mathlib.Tactic.Widget.Conv
IMPORTED_MODULE Mathlib.Tactic.WLOG
IMPORTED_MODULE Mathlib.Util.CountHeartbeats
IMPORTED_MODULE Mathlib.Util.TransImports
IMPORTED_MODULE Mathlib.Tactic.Common
IMPORTED_MODULE Mathlib.Algebra.Divisibility.Basic
IMPORTED_MODULE Mathlib.Algebra.Divisibility.Hom
IMPORTED_MODULE Mathlib.Algebra.Group.TypeTags.Hom
IMPORTED_MODULE Mathlib.Algebra.Group.Nat.Hom
IMPORTED_MODULE Mathlib.Algebra.GroupWithZero.Defs
IMPORTED_MODULE Mathlib.Algebra.NeZero
IMPORTED_MODULE Mathlib.Algebra.GroupWithZero.NeZero
IMPORTED_MODULE Mathlib.Algebra.GroupWithZero.Basic
IMPORTED_MODULE Mathlib.Algebra.GroupWithZero.Hom
IMPORTED_MODULE Mathlib.Tactic.StacksAttribute
IMPORTED_MODULE Mathlib.Algebra.Ring.Defs
IMPORTED_MODULE Mathlib.Algebra.Ring.Basic
IMPORTED_MODULE Mathlib.Algebra.Ring.Hom.Defs
IMPORTED_MODULE Mathlib.Algebra.CharZero.Defs
IMPORTED_MODULE Mathlib.Algebra.GroupWithZero.Nat
IMPORTED_MODULE Mathlib.Algebra.Ring.Nat
IMPORTED_MODULE Mathlib.Data.Nat.Cast.Basic
IMPORTED_MODULE Mathlib.Algebra.Group.Units.Defs
IMPORTED_MODULE Mathlib.Tactic.Attr.Core
IMPORTED_MODULE Mathlib.Tactic.Nontriviality.Core
IMPORTED_MODULE Mathlib.Tactic.Nontriviality
IMPORTED_MODULE Mathlib.Algebra.Group.Units.Basic
IMPORTED_MODULE Mathlib.Data.Int.Basic
IMPORTED_MODULE Mathlib.Algebra.GroupWithZero.Units.Basic
IMPORTED_MODULE Mathlib.Algebra.Group.Semiconj.Units
IMPORTED_MODULE Mathlib.Algebra.GroupWithZero.Semiconj
IMPORTED_MODULE Mathlib.Algebra.Group.Commute.Units
IMPORTED_MODULE Mathlib.Algebra.GroupWithZero.Commute
IMPORTED_MODULE Mathlib.Algebra.Ring.Semiconj
IMPORTED_MODULE Mathlib.Algebra.GroupWithZero.InjSurj
IMPORTED_MODULE Mathlib.Algebra.Ring.InjSurj
IMPORTED_MODULE Mathlib.Algebra.Group.Units.Hom
IMPORTED_MODULE Mathlib.Algebra.Ring.Units
IMPORTED_MODULE Mathlib.Data.Bracket
IMPORTED_MODULE Mathlib.Algebra.Ring.Commute
IMPORTED_MODULE Mathlib.Data.Nat.Cast.Commute
IMPORTED_MODULE Mathlib.Data.Set.CoeSort
IMPORTED_MODULE Mathlib.Tactic.FBinop
IMPORTED_MODULE Mathlib.Data.SProd
IMPORTED_MODULE Mathlib.Order.Notation
IMPORTED_MODULE Mathlib.Data.Set.Operations
IMPORTED_MODULE Mathlib.Algebra.Ring.Parity
IMPORTED_MODULE Mathlib.Algebra.Group.Int.Defs
IMPORTED_MODULE Mathlib.Algebra.Ring.Int.Defs
IMPORTED_MODULE Mathlib.Data.Int.Sqrt
IMPORTED_MODULE Mathlib.Algebra.Group.Int.Even
IMPORTED_MODULE Mathlib.Algebra.Ring.Int.Parity
IMPORTED_MODULE Batteries.Control.ForInStep.Lemmas
IMPORTED_MODULE Batteries.Data.List.Lemmas
IMPORTED_MODULE Batteries.Data.List.Count
IMPORTED_MODULE Batteries.Data.List.Pairwise
IMPORTED_MODULE Batteries.Data.List.Perm
IMPORTED_MODULE Mathlib.Control.Basic
IMPORTED_MODULE Mathlib.Control.Functor
IMPORTED_MODULE Mathlib.Data.List.Defs
IMPORTED_MODULE Mathlib.Data.List.Monad
IMPORTED_MODULE Mathlib.Logic.OpClass
IMPORTED_MODULE Mathlib.Order.Basic
IMPORTED_MODULE Mathlib.Data.List.Basic
IMPORTED_MODULE Mathlib.Data.List.Perm.Subperm
IMPORTED_MODULE Mathlib.Order.Monotone.Defs
IMPORTED_MODULE Batteries.WF
IMPORTED_MODULE Mathlib.Order.RelClasses
IMPORTED_MODULE Mathlib.Tactic.Monotonicity.Attr
IMPORTED_MODULE Mathlib.Data.Multiset.Defs
IMPORTED_MODULE Batteries.Tactic.Congr
IMPORTED_MODULE Mathlib.Order.Synonym
IMPORTED_MODULE Mathlib.Order.Max
IMPORTED_MODULE Mathlib.Logic.Function.ULift
IMPORTED_MODULE Mathlib.Order.ULift
IMPORTED_MODULE Mathlib.Tactic.Finiteness.Attr
IMPORTED_MODULE Mathlib.Order.BoundedOrder.Basic
IMPORTED_MODULE Mathlib.Data.Int.Order.Basic
IMPORTED_MODULE Mathlib.Order.Compare
IMPORTED_MODULE Mathlib.Order.Monotone.Basic
IMPORTED_MODULE Mathlib.Order.Lattice
IMPORTED_MODULE Mathlib.Order.BoundedOrder.Lattice
IMPORTED_MODULE Mathlib.Order.Disjoint
IMPORTED_MODULE Mathlib.Order.PropInstances
IMPORTED_MODULE Mathlib.Order.GaloisConnection.Defs
IMPORTED_MODULE Mathlib.Order.Heyting.Basic
IMPORTED_MODULE Mathlib.Order.BooleanAlgebra
IMPORTED_MODULE Mathlib.Util.PPOptions
IMPORTED_MODULE Mathlib.Util.Delaborators
IMPORTED_MODULE Mathlib.Data.Set.Basic
IMPORTED_MODULE Mathlib.Data.Set.Disjoint
IMPORTED_MODULE Mathlib.Data.Set.Insert
IMPORTED_MODULE Mathlib.Data.Set.Subsingleton
IMPORTED_MODULE Mathlib.Order.SymmDiff
IMPORTED_MODULE Mathlib.Data.Set.SymmDiff
IMPORTED_MODULE Mathlib.Data.Set.Inclusion
IMPORTED_MODULE Mathlib.Data.Set.Image
IMPORTED_MODULE Mathlib.Data.Set.Prod
IMPORTED_MODULE Mathlib.Data.Set.Restrict
IMPORTED_MODULE Mathlib.Data.Set.Function
IMPORTED_MODULE Mathlib.Logic.Pairwise
IMPORTED_MODULE Mathlib.Data.Set.Pairwise.Basic
IMPORTED_MODULE Mathlib.Data.Prod.PProd
IMPORTED_MODULE Mathlib.Logic.Embedding.Basic
IMPORTED_MODULE Mathlib.Order.RelIso.Basic
IMPORTED_MODULE Mathlib.Order.Hom.Basic
IMPORTED_MODULE Mathlib.Data.Finset.Defs
IMPORTED_MODULE Mathlib.Data.List.Forall2
IMPORTED_MODULE Mathlib.Data.List.InsertIdx
IMPORTED_MODULE Mathlib.Data.List.Perm.Basic
IMPORTED_MODULE Mathlib.Data.List.Nodup
IMPORTED_MODULE Mathlib.Data.Multiset.ZeroCons
IMPORTED_MODULE Mathlib.Data.Multiset.Count
IMPORTED_MODULE Mathlib.Data.List.Count
IMPORTED_MODULE Mathlib.Data.Multiset.AddSub
IMPORTED_MODULE Mathlib.Data.Multiset.Replicate
IMPORTED_MODULE Mathlib.Data.Set.List
IMPORTED_MODULE Mathlib.Data.Multiset.MapFold
IMPORTED_MODULE Mathlib.Data.Finset.Attach
IMPORTED_MODULE Mathlib.Data.Finset.Attr
IMPORTED_MODULE Mathlib.Data.List.Lattice
IMPORTED_MODULE Mathlib.Data.List.Dedup
IMPORTED_MODULE Mathlib.Data.List.TakeDrop
IMPORTED_MODULE Mathlib.Data.List.Perm.Lattice
IMPORTED_MODULE Mathlib.Data.Multiset.Filter
IMPORTED_MODULE Mathlib.Order.MinMax
IMPORTED_MODULE Mathlib.Data.Multiset.UnionInter
IMPORTED_MODULE Mathlib.Data.Multiset.Dedup
IMPORTED_MODULE Mathlib.Data.Multiset.Basic
IMPORTED_MODULE Mathlib.Data.Finset.Dedup
IMPORTED_MODULE Mathlib.Data.Finset.Empty
IMPORTED_MODULE Mathlib.Data.List.Induction
IMPORTED_MODULE Mathlib.Data.List.Infix
IMPORTED_MODULE Mathlib.Data.Multiset.FinsetOps
IMPORTED_MODULE Mathlib.Data.Finset.Insert
IMPORTED_MODULE Mathlib.Data.Finset.Disjoint
IMPORTED_MODULE Mathlib.Data.Finset.Erase
IMPORTED_MODULE Mathlib.Data.Finset.Filter
IMPORTED_MODULE Mathlib.Data.Multiset.Range
IMPORTED_MODULE Mathlib.Order.Interval.Set.Defs
IMPORTED_MODULE Mathlib.Data.Finset.Range
IMPORTED_MODULE Mathlib.Data.Finset.Lattice.Basic
IMPORTED_MODULE Mathlib.Data.Finset.Lattice.Lemmas
IMPORTED_MODULE Mathlib.Data.Finset.SDiff
IMPORTED_MODULE Mathlib.Logic.Equiv.Set
IMPORTED_MODULE Mathlib.Order.Directed
IMPORTED_MODULE Mathlib.Data.Finset.Basic
IMPORTED_MODULE Mathlib.Data.Finset.Image
IMPORTED_MODULE Mathlib.Data.Finset.Card
IMPORTED_MODULE Mathlib.Data.Multiset.Fold
IMPORTED_MODULE Mathlib.Data.Finset.Fold
IMPORTED_MODULE Mathlib.Algebra.BigOperators.Group.List.Defs
IMPORTED_MODULE Mathlib.Algebra.BigOperators.Group.List.Basic
IMPORTED_MODULE Mathlib.Algebra.Group.Nat.Units
IMPORTED_MODULE Mathlib.Algebra.Group.Int.Units
IMPORTED_MODULE Mathlib.Data.List.Flatten
IMPORTED_MODULE Mathlib.Data.List.Pairwise
IMPORTED_MODULE Mathlib.Data.List.Lex
IMPORTED_MODULE Mathlib.Data.List.Chain
IMPORTED_MODULE Mathlib.Data.List.Range
IMPORTED_MODULE Mathlib.Data.List.Rotate
IMPORTED_MODULE Mathlib.Data.List.ProdSigma
IMPORTED_MODULE Mathlib.Algebra.BigOperators.Group.List.Lemmas
IMPORTED_MODULE Mathlib.Algebra.BigOperators.Group.Multiset.Defs
IMPORTED_MODULE Mathlib.Algebra.Notation.Prod
IMPORTED_MODULE Mathlib.Algebra.Group.Prod
IMPORTED_MODULE Mathlib.Algebra.Order.Monoid.Unbundled.Defs
IMPORTED_MODULE Mathlib.Algebra.Order.Monoid.Unbundled.Basic
IMPORTED_MODULE Mathlib.Algebra.Order.Monoid.Unbundled.ExistsOfLE
IMPORTED_MODULE Mathlib.Algebra.Order.Sub.Defs
IMPORTED_MODULE Mathlib.Algebra.Order.Group.Multiset
IMPORTED_MODULE Mathlib.Algebra.Order.Sub.Unbundled.Basic
IMPORTED_MODULE Mathlib.Algebra.BigOperators.Group.Multiset.Basic
IMPORTED_MODULE Mathlib.Data.Multiset.Bind
IMPORTED_MODULE Mathlib.Order.SetNotation
IMPORTED_MODULE Mathlib.Data.Finset.Union
IMPORTED_MODULE Mathlib.Data.Multiset.Pi
IMPORTED_MODULE Mathlib.Logic.Function.DependsOn
IMPORTED_MODULE Mathlib.Data.Finset.Pi
IMPORTED_MODULE Mathlib.Data.Finite.Defs
IMPORTED_MODULE Mathlib.Data.Fintype.Defs
IMPORTED_MODULE Mathlib.Data.Finset.BooleanAlgebra
IMPORTED_MODULE Mathlib.Data.Fintype.OfMap
IMPORTED_MODULE Mathlib.Data.Finset.SymmDiff
IMPORTED_MODULE Mathlib.Data.Fintype.Sets
IMPORTED_MODULE Mathlib.Data.Int.DivMod
IMPORTED_MODULE Mathlib.Data.Fin.Basic
IMPORTED_MODULE Mathlib.Data.Fin.Rev
IMPORTED_MODULE Mathlib.Data.Nat.Find
IMPORTED_MODULE Mathlib.Data.Fin.Tuple.Basic
IMPORTED_MODULE Mathlib.Data.List.OfFn
IMPORTED_MODULE Mathlib.Data.List.FinRange
IMPORTED_MODULE Mathlib.Data.Fintype.Basic
IMPORTED_MODULE Mathlib.Data.Fintype.Card
IMPORTED_MODULE Mathlib.Data.List.Duplicate
IMPORTED_MODULE Mathlib.Data.List.TakeWhile
IMPORTED_MODULE Mathlib.Order.Fin.Basic
IMPORTED_MODULE Mathlib.Data.List.Sort
IMPORTED_MODULE Mathlib.Data.List.NodupEquivFin
IMPORTED_MODULE Mathlib.Order.Bounds.Defs
IMPORTED_MODULE Mathlib.Order.WellFounded
IMPORTED_MODULE Mathlib.Data.Fintype.EquivFin
IMPORTED_MODULE Mathlib.Data.Set.Finite.Basic
IMPORTED_MODULE Mathlib.Data.Fintype.Pi
IMPORTED_MODULE Mathlib.Algebra.BigOperators.Group.Finset.Defs
IMPORTED_MODULE Mathlib.Algebra.BigOperators.Group.Finset.Pi
IMPORTED_MODULE Mathlib.Data.Finset.Prod
IMPORTED_MODULE Mathlib.Data.Multiset.Sum
IMPORTED_MODULE Mathlib.Data.Finset.Sum
IMPORTED_MODULE Mathlib.Algebra.BigOperators.Group.Finset.Basic
IMPORTED_MODULE Mathlib.Data.Set.Piecewise
IMPORTED_MODULE Mathlib.Order.Interval.Set.Basic
IMPORTED_MODULE Mathlib.Data.Finset.Piecewise
IMPORTED_MODULE Mathlib.Algebra.BigOperators.Group.Finset.Piecewise
IMPORTED_MODULE Mathlib.Algebra.Group.Support
IMPORTED_MODULE Mathlib.Data.Bool.Set
IMPORTED_MODULE Mathlib.Data.Nat.Set
IMPORTED_MODULE Mathlib.Data.Set.NAry
IMPORTED_MODULE Mathlib.Control.ULift
IMPORTED_MODULE Mathlib.Data.ULift
IMPORTED_MODULE Mathlib.Order.BoundedOrder.Monotone
IMPORTED_MODULE Mathlib.Order.Bounds.Basic
IMPORTED_MODULE Mathlib.Order.CompleteLattice.Defs
IMPORTED_MODULE Mathlib.Data.Set.Monotone
IMPORTED_MODULE Mathlib.Order.Hom.Set
IMPORTED_MODULE Mathlib.Order.CompleteLattice.Basic
IMPORTED_MODULE Mathlib.Order.CompleteLattice.Lemmas
IMPORTED_MODULE Mathlib.Order.Bounds.Image
IMPORTED_MODULE Mathlib.Order.TypeTags
IMPORTED_MODULE Mathlib.Data.Option.NAry
IMPORTED_MODULE Mathlib.Order.WithBot
IMPORTED_MODULE Mathlib.Order.GaloisConnection.Basic
IMPORTED_MODULE Mathlib.Order.CompleteBooleanAlgebra
IMPORTED_MODULE Mathlib.Data.Set.BooleanAlgebra
IMPORTED_MODULE Mathlib.Data.Set.Lattice
IMPORTED_MODULE Mathlib.Algebra.BigOperators.GroupWithZero.Finset
IMPORTED_MODULE Mathlib.Algebra.Divisibility.Units
IMPORTED_MODULE Mathlib.Algebra.GroupWithZero.Divisibility
IMPORTED_MODULE Mathlib.Algebra.Ring.Divisibility.Basic
IMPORTED_MODULE Mathlib.Algebra.BigOperators.Ring.List
IMPORTED_MODULE Mathlib.Data.Nat.Factorial.Basic
IMPORTED_MODULE Mathlib.Data.Nat.Choose.Basic
IMPORTED_MODULE Mathlib.Data.List.Sublists
IMPORTED_MODULE Mathlib.Data.List.Zip
IMPORTED_MODULE Mathlib.Data.Multiset.Powerset
IMPORTED_MODULE Mathlib.Data.Multiset.Antidiagonal
IMPORTED_MODULE Mathlib.Data.Multiset.Sections
IMPORTED_MODULE Mathlib.Algebra.BigOperators.Ring.Multiset
IMPORTED_MODULE Mathlib.Data.Multiset.Lattice
IMPORTED_MODULE Mathlib.Order.Hom.Bounded
IMPORTED_MODULE Mathlib.Order.Hom.Lattice
IMPORTED_MODULE Mathlib.Order.Hom.BoundedLattice
IMPORTED_MODULE Mathlib.Order.Nat
IMPORTED_MODULE Mathlib.Data.Finset.Lattice.Fold
IMPORTED_MODULE Mathlib.Data.Finset.Max
IMPORTED_MODULE Mathlib.Data.Finset.Lattice.Union
IMPORTED_MODULE Mathlib.Data.Set.Pairwise.Lattice
IMPORTED_MODULE Mathlib.Data.Finset.Powerset
IMPORTED_MODULE Mathlib.Data.Fintype.Powerset
IMPORTED_MODULE Mathlib.Algebra.Ring.Hom.Basic
IMPORTED_MODULE Mathlib.Data.Int.Cast.Lemmas
IMPORTED_MODULE Mathlib.Algebra.BigOperators.Ring.Finset
IMPORTED_MODULE Mathlib.Algebra.Order.Monoid.Defs
IMPORTED_MODULE Mathlib.Algebra.Order.Monoid.Canonical.Defs
IMPORTED_MODULE Mathlib.Algebra.Order.Group.Synonym
IMPORTED_MODULE Mathlib.Algebra.Order.Monoid.Unbundled.OrderDual
IMPORTED_MODULE Mathlib.Algebra.Order.BigOperators.Group.List
IMPORTED_MODULE Mathlib.Algebra.Order.Group.Unbundled.Basic
IMPORTED_MODULE Mathlib.Algebra.Order.Group.Defs
IMPORTED_MODULE Mathlib.Algebra.Group.Units.Equiv
IMPORTED_MODULE Mathlib.Algebra.Order.Group.OrderIso
IMPORTED_MODULE Mathlib.Algebra.Order.Group.Lattice
IMPORTED_MODULE Mathlib.Algebra.Order.Group.Unbundled.Abs
IMPORTED_MODULE Mathlib.Algebra.Order.Monoid.Unbundled.Pow
IMPORTED_MODULE Mathlib.Algebra.Order.Group.Abs
IMPORTED_MODULE Mathlib.Algebra.Order.Monoid.OrderDual
IMPORTED_MODULE Mathlib.Data.List.MinMax
IMPORTED_MODULE Mathlib.Algebra.Order.BigOperators.Group.Multiset
IMPORTED_MODULE Mathlib.Algebra.Order.Group.Nat
IMPORTED_MODULE Mathlib.Data.Multiset.OrderedMonoid
IMPORTED_MODULE Mathlib.Tactic.Bound.Init
IMPORTED_MODULE Mathlib.Tactic.Bound.Attribute
IMPORTED_MODULE Mathlib.Data.Set.Sigma
IMPORTED_MODULE Mathlib.Data.Finset.Option
IMPORTED_MODULE Mathlib.Data.Set.Lattice.Image
IMPORTED_MODULE Mathlib.Order.CompleteLattice.Finset
IMPORTED_MODULE Mathlib.Data.Finset.Sigma
IMPORTED_MODULE Mathlib.Algebra.BigOperators.Group.Finset.Sigma
IMPORTED_MODULE Mathlib.Algebra.Order.BigOperators.Group.Finset
IMPORTED_MODULE Mathlib.Algebra.Order.GroupWithZero.Unbundled.Defs
IMPORTED_MODULE Mathlib.Algebra.Order.ZeroLEOne
IMPORTED_MODULE Mathlib.Algebra.Order.GroupWithZero.Unbundled.Basic
IMPORTED_MODULE Mathlib.Algebra.Order.Monoid.NatCast
IMPORTED_MODULE Mathlib.Algebra.Order.Monoid.Unbundled.MinMax
IMPORTED_MODULE Mathlib.Algebra.Order.Ring.Unbundled.Basic
IMPORTED_MODULE Mathlib.Algebra.Order.Ring.Defs
IMPORTED_MODULE Mathlib.Algebra.GroupWithZero.Units.Equiv
IMPORTED_MODULE Mathlib.Algebra.Group.WithOne.Defs
IMPORTED_MODULE Mathlib.Algebra.GroupWithZero.Equiv
IMPORTED_MODULE Mathlib.Algebra.GroupWithZero.WithZero
IMPORTED_MODULE Mathlib.Algebra.Order.Monoid.Unbundled.WithTop
IMPORTED_MODULE Mathlib.Algebra.Order.Monoid.WithTop
IMPORTED_MODULE Mathlib.Algebra.Order.AddGroupWithTop
IMPORTED_MODULE Mathlib.Algebra.Order.GroupWithZero.Unbundled.OrderIso
IMPORTED_MODULE Mathlib.Algebra.Order.Monoid.Basic
IMPORTED_MODULE Mathlib.Algebra.Order.Monoid.Unbundled.TypeTags
IMPORTED_MODULE Mathlib.Algebra.Order.Monoid.TypeTags
IMPORTED_MODULE Mathlib.Algebra.Order.GroupWithZero.Canonical
IMPORTED_MODULE Mathlib.Algebra.Order.Ring.Nat
IMPORTED_MODULE Mathlib.Algebra.Order.Sub.Basic
IMPORTED_MODULE Mathlib.Data.Nat.Cast.NeZero
IMPORTED_MODULE Mathlib.Data.Nat.Cast.Order.Basic
IMPORTED_MODULE Mathlib.Data.Nat.Cast.Order.Ring
IMPORTED_MODULE Mathlib.Data.Ineq
IMPORTED_MODULE Mathlib.Tactic.Linarith.Lemmas
IMPORTED_MODULE Mathlib.Algebra.Group.Invertible.Defs
IMPORTED_MODULE Mathlib.Algebra.Group.Invertible.Basic
IMPORTED_MODULE Mathlib.Algebra.GroupWithZero.Invertible
IMPORTED_MODULE Batteries.Data.Nat.Gcd
IMPORTED_MODULE Batteries.Data.Rat.Basic
IMPORTED_MODULE Mathlib.Lean.Expr.Rat
IMPORTED_MODULE Batteries.Classes.RatCast
IMPORTED_MODULE Mathlib.Data.Rat.Init
IMPORTED_MODULE Mathlib.Algebra.Field.Defs
IMPORTED_MODULE Mathlib.Tactic.NormNum.Result
IMPORTED_MODULE Mathlib.Util.Qq
IMPORTED_MODULE Mathlib.Tactic.NormNum.Core
IMPORTED_MODULE Mathlib.Tactic.HaveI
IMPORTED_MODULE Mathlib.Tactic.NormNum.Basic
IMPORTED_MODULE Mathlib.Util.SynthesizeUsing
IMPORTED_MODULE Mathlib.Tactic.Linarith.Datatypes
IMPORTED_MODULE Mathlib.Tactic.Linarith.Parsing
IMPORTED_MODULE Mathlib.Tactic.Linarith.Verification
IMPORTED_MODULE Mathlib.Tactic.Zify
IMPORTED_MODULE Mathlib.Algebra.Ring.Invertible
IMPORTED_MODULE Mathlib.Algebra.Field.Basic
IMPORTED_MODULE Mathlib.Data.Tree.Basic
IMPORTED_MODULE Mathlib.Tactic.CancelDenoms.Core
IMPORTED_MODULE Mathlib.Util.AtomM
IMPORTED_MODULE Mathlib.Tactic.Linarith.Preprocessing
IMPORTED_MODULE Mathlib.Tactic.Linarith.Oracle.SimplexAlgorithm.Datatypes
IMPORTED_MODULE Mathlib.Tactic.Linarith.Oracle.SimplexAlgorithm.SimplexAlgorithm
IMPORTED_MODULE Mathlib.Tactic.Linarith.Oracle.SimplexAlgorithm.Gauss
IMPORTED_MODULE Mathlib.Tactic.Linarith.Oracle.SimplexAlgorithm.PositiveVector
IMPORTED_MODULE Mathlib.Tactic.Linarith.Oracle.SimplexAlgorithm
IMPORTED_MODULE Mathlib.Algebra.GroupWithZero.Units.Lemmas
IMPORTED_MODULE Mathlib.Algebra.Order.Group.Unbundled.Int
IMPORTED_MODULE Mathlib.Algebra.Order.Nonneg.Basic
IMPORTED_MODULE Batteries.Data.Rat.Lemmas
IMPORTED_MODULE Mathlib.Data.Rat.Defs
IMPORTED_MODULE Mathlib.Algebra.Ring.Rat
IMPORTED_MODULE Mathlib.Algebra.Order.Ring.Unbundled.Rat
IMPORTED_MODULE Mathlib.Data.NNRat.Defs
IMPORTED_MODULE Mathlib.Algebra.Field.Rat
IMPORTED_MODULE Mathlib.Algebra.Group.Semiconj.Basic
IMPORTED_MODULE Mathlib.Algebra.Group.Commute.Basic
IMPORTED_MODULE Mathlib.Data.PNat.Notation
IMPORTED_MODULE Mathlib.Data.PNat.Defs
IMPORTED_MODULE Mathlib.Data.Rat.Lemmas
IMPORTED_MODULE Mathlib.Data.Rat.Cast.Defs
IMPORTED_MODULE Mathlib.Data.Rat.Cast.CharZero
IMPORTED_MODULE Mathlib.Tactic.NormNum.Inv
IMPORTED_MODULE Mathlib.Tactic.NormNum.Pow
IMPORTED_MODULE Mathlib.Tactic.Ring.Basic
IMPORTED_MODULE Mathlib.Tactic.Linarith.Frontend
IMPORTED_MODULE Mathlib.Algebra.Order.Field.Defs
IMPORTED_MODULE Mathlib.Algebra.Order.Ring.Canonical
IMPORTED_MODULE Mathlib.Algebra.Order.Field.Canonical
IMPORTED_MODULE Mathlib.Order.ConditionallyCompleteLattice.Defs
IMPORTED_MODULE Mathlib.Order.ConditionallyCompleteLattice.Basic
IMPORTED_MODULE Mathlib.Order.LatticeIntervals
IMPORTED_MODULE Mathlib.Data.Set.Order
IMPORTED_MODULE Mathlib.Order.Interval.Set.Image
IMPORTED_MODULE Mathlib.Order.Interval.Set.LinearOrder
IMPORTED_MODULE Mathlib.Order.Interval.Set.UnorderedInterval
IMPORTED_MODULE Mathlib.Order.Interval.Set.OrderEmbedding
IMPORTED_MODULE Mathlib.Tactic.SetLike
IMPORTED_MODULE Mathlib.Data.SetLike.Basic
IMPORTED_MODULE Mathlib.Order.Preorder.Chain
IMPORTED_MODULE Mathlib.Order.Antichain
IMPORTED_MODULE Mathlib.Order.Interval.Set.OrdConnected
IMPORTED_MODULE Mathlib.Order.CompleteLatticeIntervals
IMPORTED_MODULE Mathlib.Algebra.Order.Nonneg.Lattice
IMPORTED_MODULE Mathlib.Algebra.Order.Ring.InjSurj
IMPORTED_MODULE Mathlib.Tactic.FastInstance
IMPORTED_MODULE Mathlib.Algebra.Order.Nonneg.Ring
IMPORTED_MODULE Mathlib.Algebra.Order.Nonneg.Field
IMPORTED_MODULE Mathlib.Algebra.Notation
IMPORTED_MODULE Mathlib.Algebra.Order.Group.PosPart
IMPORTED_MODULE Mathlib.Algebra.Order.Ring.Basic
IMPORTED_MODULE Mathlib.Data.Int.Cast.Field
IMPORTED_MODULE Mathlib.Data.Int.Cast.Pi
IMPORTED_MODULE Mathlib.Data.Int.CharZero
IMPORTED_MODULE Mathlib.Algebra.Order.Invertible
IMPORTED_MODULE Mathlib.Algebra.Order.Group.Int
IMPORTED_MODULE Mathlib.Algebra.Order.Ring.Int
IMPORTED_MODULE Mathlib.Algebra.Order.Ring.Cast
IMPORTED_MODULE Mathlib.Tactic.Positivity.Core
IMPORTED_MODULE Mathlib.Tactic.Positivity.Basic
IMPORTED_MODULE Mathlib.Data.Rat.Cast.Lemmas
IMPORTED_MODULE Mathlib.Tactic.NormNum.OfScientific
IMPORTED_MODULE Mathlib.Tactic.NormNum.Eq
IMPORTED_MODULE Mathlib.Tactic.NormNum.Ineq
IMPORTED_MODULE Mathlib.Tactic.NormNum.DivMod
IMPORTED_MODULE Mathlib.Algebra.Order.Ring.Rat
IMPORTED_MODULE Mathlib.Algebra.Order.Field.Rat
IMPORTED_MODULE Mathlib.Data.Rat.Cast.Order
IMPORTED_MODULE Mathlib.Tactic.NormNum
IMPORTED_MODULE Mathlib.Tactic.Linarith
IMPORTED_MODULE Mathlib.Tactic.TryThis
IMPORTED_MODULE Mathlib.Tactic.Ring.RingNF
IMPORTED_MODULE Mathlib.Algebra.Order.Positive.Ring
IMPORTED_MODULE Mathlib.Data.PNat.Equiv
IMPORTED_MODULE Mathlib.Data.PNat.Basic
IMPORTED_MODULE Mathlib.Tactic.Ring.PNat
IMPORTED_MODULE Mathlib.Tactic.Ring
IMPORTED_MODULE HoffmanChromatic.Geometry
IMPORTED_MODULE Mathlib.Algebra.Group.Embedding
IMPORTED_MODULE Mathlib.Algebra.Group.Hom.Instances
IMPORTED_MODULE Mathlib.Algebra.Group.Pi.Lemmas
IMPORTED_MODULE Mathlib.Algebra.BigOperators.Group.Finset.Lemmas
IMPORTED_MODULE Mathlib.Algebra.Group.Action.Defs
IMPORTED_MODULE Mathlib.Algebra.Group.Action.Faithful
IMPORTED_MODULE Mathlib.Algebra.Group.Action.Pi
IMPORTED_MODULE Mathlib.Algebra.Group.Indicator
IMPORTED_MODULE Mathlib.Algebra.GroupWithZero.Pi
IMPORTED_MODULE Mathlib.Algebra.Ring.Equiv
IMPORTED_MODULE Mathlib.Algebra.Ring.CompTypeclasses
IMPORTED_MODULE Mathlib.Algebra.Ring.Pi
IMPORTED_MODULE Mathlib.Algebra.BigOperators.Pi
IMPORTED_MODULE Mathlib.Algebra.Group.FiniteSupport
IMPORTED_MODULE Mathlib.Algebra.Group.Action.Units
IMPORTED_MODULE Mathlib.Algebra.Group.Action.Opposite
IMPORTED_MODULE Mathlib.Algebra.GroupWithZero.Opposite
IMPORTED_MODULE Mathlib.Algebra.GroupWithZero.Action.Defs
IMPORTED_MODULE Mathlib.Algebra.GroupWithZero.Action.Units
IMPORTED_MODULE Mathlib.Algebra.Group.Hom.End
IMPORTED_MODULE Mathlib.Algebra.Module.Defs
IMPORTED_MODULE Mathlib.Algebra.Module.NatInt
IMPORTED_MODULE Mathlib.Algebra.Module.End
IMPORTED_MODULE Mathlib.Algebra.NoZeroSMulDivisors.Defs
IMPORTED_MODULE Mathlib.Algebra.NoZeroSMulDivisors.Basic
IMPORTED_MODULE Mathlib.Data.Fintype.Sigma
IMPORTED_MODULE Mathlib.Data.Finite.Sigma
IMPORTED_MODULE Mathlib.Data.Set.Finite.Powerset
IMPORTED_MODULE Mathlib.Data.Set.Finite.Range
IMPORTED_MODULE Mathlib.Data.Set.Finite.Lattice
IMPORTED_MODULE Mathlib.Algebra.BigOperators.Finprod
IMPORTED_MODULE Mathlib.Algebra.Group.Action.Basic
IMPORTED_MODULE Mathlib.Algebra.BigOperators.GroupWithZero.Action
IMPORTED_MODULE Mathlib.Algebra.BigOperators.Option
IMPORTED_MODULE Mathlib.Data.Fintype.Option
IMPORTED_MODULE Mathlib.Data.Fintype.Prod
IMPORTED_MODULE Mathlib.Lean.Expr.ExtraRecognizers
IMPORTED_MODULE Mathlib.Data.Set.Notation
IMPORTED_MODULE Mathlib.Logic.Embedding.Set
IMPORTED_MODULE Mathlib.Data.Fintype.Sum
IMPORTED_MODULE Mathlib.Data.Setoid.Basic
IMPORTED_MODULE Mathlib.Data.Vector.Defs
IMPORTED_MODULE Mathlib.Data.List.Scan
IMPORTED_MODULE Mathlib.Control.Applicative
IMPORTED_MODULE Mathlib.Control.Traversable.Basic
IMPORTED_MODULE Mathlib.Data.Vector.Basic
IMPORTED_MODULE Mathlib.Tactic.ApplyFun
IMPORTED_MODULE Mathlib.Data.Sym.Basic
IMPORTED_MODULE Mathlib.Data.Fintype.Vector
IMPORTED_MODULE Mathlib.Data.Fintype.BigOperators
IMPORTED_MODULE Mathlib.Algebra.Module.BigOperators
IMPORTED_MODULE Mathlib.Algebra.Group.Subsemigroup.Defs
IMPORTED_MODULE Mathlib.Algebra.Group.Submonoid.Defs
IMPORTED_MODULE Mathlib.Algebra.Group.Subsemigroup.Basic
IMPORTED_MODULE Mathlib.Algebra.Group.Submonoid.Basic
IMPORTED_MODULE Mathlib.Algebra.Group.Commute.Hom
IMPORTED_MODULE Mathlib.Data.Finset.NoncommProd
IMPORTED_MODULE Mathlib.Algebra.Group.Submonoid.BigOperators
IMPORTED_MODULE Mathlib.Algebra.Group.Subgroup.Defs
IMPORTED_MODULE Mathlib.Algebra.Group.Pointwise.Set.Basic
IMPORTED_MODULE Mathlib.Algebra.Group.Pointwise.Set.Scalar
IMPORTED_MODULE Mathlib.Algebra.Group.Submonoid.MulAction
IMPORTED_MODULE Mathlib.GroupTheory.GroupAction.Defs
IMPORTED_MODULE Mathlib.Logic.Function.CompTypeclasses
IMPORTED_MODULE Mathlib.Algebra.Group.Hom.CompTypeclasses
IMPORTED_MODULE Mathlib.Algebra.Group.Action.TypeTags
IMPORTED_MODULE Mathlib.Algebra.Group.Action.Pretransitive
IMPORTED_MODULE Mathlib.Algebra.Group.Action.Hom
IMPORTED_MODULE Mathlib.Algebra.GroupWithZero.Action.End
IMPORTED_MODULE Mathlib.Algebra.Ring.Action.Basic
IMPORTED_MODULE Mathlib.GroupTheory.GroupAction.Hom
IMPORTED_MODULE Mathlib.GroupTheory.GroupAction.SubMulAction
IMPORTED_MODULE Mathlib.Algebra.Module.Submodule.Defs
IMPORTED_MODULE Mathlib.Algebra.Module.Submodule.Basic
IMPORTED_MODULE Mathlib.Data.Finsupp.Defs
IMPORTED_MODULE Mathlib.Data.Finsupp.Single
IMPORTED_MODULE Mathlib.Data.Finsupp.Ext
IMPORTED_MODULE Mathlib.Data.Finsupp.Indicator
IMPORTED_MODULE Mathlib.Algebra.BigOperators.Finsupp.Basic
IMPORTED_MODULE Mathlib.Data.Finset.Preimage
IMPORTED_MODULE Mathlib.Algebra.BigOperators.Group.Finset.Preimage
IMPORTED_MODULE Mathlib.Data.Rat.BigOperators
IMPORTED_MODULE Mathlib.Data.Finsupp.Basic
IMPORTED_MODULE Mathlib.Algebra.Module.Basic
IMPORTED_MODULE Mathlib.Algebra.Regular.Basic
IMPORTED_MODULE Mathlib.Algebra.Regular.SMul
IMPORTED_MODULE Mathlib.Data.Finsupp.SMulWithZero
IMPORTED_MODULE Mathlib.Data.Finsupp.SMul
IMPORTED_MODULE Mathlib.Algebra.Group.Equiv.TypeTags
IMPORTED_MODULE Mathlib.Algebra.Group.End
IMPORTED_MODULE Mathlib.Algebra.Group.Action.End
IMPORTED_MODULE Mathlib.Algebra.Group.Action.Prod
IMPORTED_MODULE Mathlib.Algebra.GroupWithZero.Prod
IMPORTED_MODULE Mathlib.Algebra.GroupWithZero.Action.Basic
IMPORTED_MODULE Mathlib.Algebra.Module.RingHom
IMPORTED_MODULE Mathlib.Algebra.Module.LinearMap.Defs
IMPORTED_MODULE Mathlib.Algebra.Module.Equiv.Defs
IMPORTED_MODULE Mathlib.Algebra.Ring.Opposite
IMPORTED_MODULE Mathlib.GroupTheory.GroupAction.DomAct.Basic
IMPORTED_MODULE Mathlib.Algebra.Module.Hom
IMPORTED_MODULE Mathlib.Algebra.NoZeroSMulDivisors.Pi
IMPORTED_MODULE Mathlib.Algebra.Module.LinearMap.Basic
IMPORTED_MODULE Mathlib.Algebra.GroupWithZero.Action.Opposite
IMPORTED_MODULE Mathlib.Algebra.Module.Opposite
IMPORTED_MODULE Mathlib.Algebra.Module.Equiv.Opposite
IMPORTED_MODULE Mathlib.Algebra.Module.LinearMap.End
IMPORTED_MODULE Mathlib.Algebra.GroupWithZero.Action.Pi
IMPORTED_MODULE Mathlib.Algebra.Module.Pi
IMPORTED_MODULE Mathlib.Algebra.GroupWithZero.Action.Prod
IMPORTED_MODULE Mathlib.Algebra.Module.Prod
IMPORTED_MODULE Mathlib.Algebra.Module.Equiv.Basic
IMPORTED_MODULE Mathlib.Algebra.Module.Submodule.LinearMap
IMPORTED_MODULE Mathlib.LinearAlgebra.Finsupp.Defs
IMPORTED_MODULE Mathlib.LinearAlgebra.Finsupp.LSum
IMPORTED_MODULE Mathlib.Algebra.MonoidAlgebra.Defs
IMPORTED_MODULE Mathlib.Algebra.Group.Submonoid.Operations
IMPORTED_MODULE Mathlib.Algebra.Group.Subgroup.Lattice
IMPORTED_MODULE Mathlib.Algebra.Group.Subgroup.Map
IMPORTED_MODULE Mathlib.Algebra.Group.Subgroup.Ker
IMPORTED_MODULE Mathlib.Algebra.FreeMonoid.Basic
IMPORTED_MODULE Mathlib.Algebra.Group.Idempotent
IMPORTED_MODULE Mathlib.Algebra.Group.Submonoid.MulOpposite
IMPORTED_MODULE Mathlib.Algebra.Group.Submonoid.Membership
IMPORTED_MODULE Mathlib.Algebra.Group.PUnit
IMPORTED_MODULE Mathlib.Algebra.Ring.PUnit
IMPORTED_MODULE Mathlib.Algebra.Module.PUnit
IMPORTED_MODULE Mathlib.Algebra.Module.Submodule.Lattice
IMPORTED_MODULE Mathlib.Algebra.Module.Submodule.Map
IMPORTED_MODULE Mathlib.Algebra.Module.Submodule.Ker
IMPORTED_MODULE Mathlib.Order.Hom.CompleteLattice
IMPORTED_MODULE Mathlib.Algebra.Module.Submodule.RestrictScalars
IMPORTED_MODULE Mathlib.Algebra.Module.Submodule.Range
IMPORTED_MODULE Mathlib.LinearAlgebra.Span.Defs
IMPORTED_MODULE Mathlib.LinearAlgebra.Finsupp.Supported
IMPORTED_MODULE Mathlib.Data.Finite.Prod
IMPORTED_MODULE Mathlib.Algebra.Group.Pointwise.Set.Finite
IMPORTED_MODULE Mathlib.Algebra.Group.Pointwise.Set.ListOfFn
IMPORTED_MODULE Mathlib.Data.Finset.Lattice.Prod
IMPORTED_MODULE Mathlib.Data.Finset.NAry
IMPORTED_MODULE Mathlib.Algebra.Group.Pointwise.Finset.Basic
IMPORTED_MODULE Mathlib.Algebra.MonoidAlgebra.Support
IMPORTED_MODULE Mathlib.Algebra.Ring.Action.Rat
IMPORTED_MODULE Mathlib.Data.Multiset.Sort
IMPORTED_MODULE Mathlib.Order.RelIso.Set
IMPORTED_MODULE Mathlib.Data.Finset.Sort
IMPORTED_MODULE Mathlib.Algebra.Polynomial.Basic
IMPORTED_MODULE Mathlib.Algebra.Order.Interval.Set.Monoid
IMPORTED_MODULE Mathlib.Order.Hom.WithTopBot
IMPORTED_MODULE Mathlib.Order.Interval.Finset.Defs
IMPORTED_MODULE Mathlib.Algebra.Order.Interval.Finset.Basic
IMPORTED_MODULE Mathlib.Order.Antisymmetrization
IMPORTED_MODULE Mathlib.Order.Interval.Set.WithBotTop
IMPORTED_MODULE Mathlib.Order.Cover
IMPORTED_MODULE Mathlib.Order.Interval.Finset.Basic
IMPORTED_MODULE Mathlib.Order.Interval.Multiset
IMPORTED_MODULE Mathlib.Order.Interval.Finset.Nat
IMPORTED_MODULE Mathlib.Algebra.BigOperators.Intervals
IMPORTED_MODULE Mathlib.Algebra.Order.Antidiag.Prod
IMPORTED_MODULE Mathlib.Data.List.NatAntidiagonal
IMPORTED_MODULE Mathlib.Data.Multiset.NatAntidiagonal
IMPORTED_MODULE Mathlib.Data.Finset.NatAntidiagonal
IMPORTED_MODULE Mathlib.Algebra.BigOperators.NatAntidiagonal
IMPORTED_MODULE Mathlib.Data.Nat.Choose.Sum
IMPORTED_MODULE Mathlib.Algebra.Group.Irreducible.Defs
IMPORTED_MODULE Mathlib.Algebra.Prime.Defs
IMPORTED_MODULE Mathlib.Data.Nat.Prime.Defs
IMPORTED_MODULE Mathlib.Algebra.CharP.Defs
IMPORTED_MODULE Mathlib.Algebra.Polynomial.Coeff
IMPORTED_MODULE Mathlib.Data.Nat.Choose.Vandermonde
IMPORTED_MODULE Mathlib.Algebra.Group.NatPowAssoc
IMPORTED_MODULE Mathlib.Algebra.Order.Hom.Basic
IMPORTED_MODULE Mathlib.Algebra.Ring.Int.Units
IMPORTED_MODULE Mathlib.Algebra.Order.Ring.Abs
IMPORTED_MODULE Mathlib.Algebra.Order.AbsoluteValue.Basic
IMPORTED_MODULE Mathlib.Algebra.Order.BigOperators.Ring.List
IMPORTED_MODULE Mathlib.Algebra.Order.BigOperators.Ring.Multiset
IMPORTED_MODULE Mathlib.Algebra.Order.BigOperators.Ring.Finset
IMPORTED_MODULE Mathlib.Tactic.Abel
IMPORTED_MODULE Mathlib.Algebra.Ring.Regular
IMPORTED_MODULE Mathlib.Algebra.GeomSum
IMPORTED_MODULE Mathlib.Data.Nat.Log
IMPORTED_MODULE Mathlib.Data.Nat.GCD.Basic
IMPORTED_MODULE Mathlib.Data.Int.GCD
IMPORTED_MODULE Mathlib.Data.Nat.ModEq
IMPORTED_MODULE Mathlib.Data.Int.ModEq
IMPORTED_MODULE Mathlib.Data.Nat.Bits
IMPORTED_MODULE Mathlib.Data.List.Palindrome
IMPORTED_MODULE Mathlib.Tactic.FinCases
IMPORTED_MODULE Mathlib.Tactic.IntervalCases
IMPORTED_MODULE Mathlib.Data.Nat.Digits
IMPORTED_MODULE Mathlib.Algebra.Group.Irreducible.Lemmas
IMPORTED_MODULE Mathlib.Algebra.Prime.Lemmas
IMPORTED_MODULE Mathlib.Algebra.GroupWithZero.Associated
IMPORTED_MODULE Mathlib.Algebra.Order.GroupWithZero.Synonym
IMPORTED_MODULE Mathlib.Algebra.Order.Ring.WithTop
IMPORTED_MODULE Mathlib.Algebra.Order.Sub.WithTop
IMPORTED_MODULE Mathlib.Data.ENat.Defs
IMPORTED_MODULE Mathlib.Order.Iterate
IMPORTED_MODULE Mathlib.Order.SuccPred.Basic
IMPORTED_MODULE Mathlib.Order.SuccPred.Archimedean
IMPORTED_MODULE Mathlib.Order.SuccPred.Limit
IMPORTED_MODULE Mathlib.Order.SuccPred.WithBot
IMPORTED_MODULE Mathlib.Algebra.Order.SuccPred
IMPORTED_MODULE Mathlib.Data.Nat.SuccPred
IMPORTED_MODULE Mathlib.Data.ENat.Basic
IMPORTED_MODULE Mathlib.RingTheory.Multiplicity
IMPORTED_MODULE Mathlib.Data.Nat.Multiplicity
IMPORTED_MODULE Mathlib.Algebra.Group.Fin.Basic
IMPORTED_MODULE Mathlib.Algebra.Group.ULift
IMPORTED_MODULE Mathlib.Data.Nat.Cast.Prod
IMPORTED_MODULE Mathlib.Algebra.CharP.Basic
IMPORTED_MODULE Mathlib.Data.Int.Cast.Prod
IMPORTED_MODULE Mathlib.Algebra.Ring.Prod
IMPORTED_MODULE Mathlib.Data.ZMod.Defs
IMPORTED_MODULE Mathlib.Algebra.Order.Monoid.Units
IMPORTED_MODULE Mathlib.Algebra.Order.Hom.Monoid
IMPORTED_MODULE Mathlib.Algebra.Order.Hom.Ring
IMPORTED_MODULE Mathlib.Logic.Small.Defs
IMPORTED_MODULE Mathlib.Logic.Small.Basic
IMPORTED_MODULE Mathlib.Data.Countable.Defs
IMPORTED_MODULE Mathlib.Data.Countable.Small
IMPORTED_MODULE Mathlib.Data.Nat.Pairing
IMPORTED_MODULE Mathlib.Logic.Equiv.Nat
IMPORTED_MODULE Mathlib.Data.Countable.Basic
IMPORTED_MODULE Mathlib.Data.Nat.Order.Lemmas
IMPORTED_MODULE Mathlib.Logic.Encodable.Basic
IMPORTED_MODULE Mathlib.Logic.Denumerable
IMPORTED_MODULE Mathlib.Logic.Equiv.List
IMPORTED_MODULE Mathlib.Data.Set.Countable
IMPORTED_MODULE Mathlib.Data.Fin.VecNotation
IMPORTED_MODULE Mathlib.Logic.Equiv.Fin.Basic
IMPORTED_MODULE Mathlib.Logic.Small.Set
IMPORTED_MODULE Mathlib.Logic.UnivLE
IMPORTED_MODULE Mathlib.Data.Sum.Order
IMPORTED_MODULE Mathlib.Order.UpperLower.Basic
IMPORTED_MODULE Mathlib.Order.InitialSeg
IMPORTED_MODULE Mathlib.Order.ConditionallyCompleteLattice.Indexed
IMPORTED_MODULE Mathlib.Order.SuccPred.CompleteLinearOrder
IMPORTED_MODULE Mathlib.SetTheory.Cardinal.Defs
IMPORTED_MODULE Mathlib.Dynamics.FixedPoints.Basic
IMPORTED_MODULE Mathlib.Order.Hom.Order
IMPORTED_MODULE Mathlib.Control.Monad.Basic
IMPORTED_MODULE Mathlib.Data.Part
IMPORTED_MODULE Mathlib.Order.Part
IMPORTED_MODULE Mathlib.Order.ScottContinuity
IMPORTED_MODULE Mathlib.Order.OmegaCompletePartialOrder
IMPORTED_MODULE Mathlib.Order.FixedPoints
IMPORTED_MODULE Mathlib.Order.CompleteLattice.Chain
IMPORTED_MODULE Mathlib.Order.Minimal
IMPORTED_MODULE Mathlib.Order.Zorn
IMPORTED_MODULE Mathlib.SetTheory.Cardinal.SchroederBernstein
IMPORTED_MODULE Mathlib.SetTheory.Cardinal.Order
IMPORTED_MODULE Mathlib.SetTheory.Cardinal.Basic
IMPORTED_MODULE Mathlib.SetTheory.Cardinal.ENat
IMPORTED_MODULE Mathlib.SetTheory.Cardinal.ToNat
IMPORTED_MODULE Mathlib.SetTheory.Cardinal.Finite
IMPORTED_MODULE Mathlib.Data.Fintype.Units
IMPORTED_MODULE Mathlib.Algebra.Group.Conj
IMPORTED_MODULE Mathlib.Algebra.Group.Subgroup.Basic
IMPORTED_MODULE Mathlib.Data.Finite.Card
IMPORTED_MODULE Mathlib.Algebra.Group.Subgroup.Finite
IMPORTED_MODULE Mathlib.Algebra.Order.Group.Action
IMPORTED_MODULE Mathlib.Data.Nat.Prime.Basic
IMPORTED_MODULE Mathlib.Data.List.Lemmas
IMPORTED_MODULE Mathlib.Data.List.Permutation
IMPORTED_MODULE Mathlib.Data.Fintype.List
IMPORTED_MODULE Mathlib.Data.List.Cycle
IMPORTED_MODULE Mathlib.Dynamics.PeriodicPts.Defs
IMPORTED_MODULE Mathlib.Dynamics.PeriodicPts.Lemmas
IMPORTED_MODULE Mathlib.Algebra.Group.Pointwise.Set.Lattice
IMPORTED_MODULE Mathlib.Algebra.Group.Subgroup.MulOpposite
IMPORTED_MODULE Mathlib.Algebra.Group.Subgroup.MulOppositeLemmas
IMPORTED_MODULE Mathlib.Algebra.Group.Action.Pointwise.Set.Basic
IMPORTED_MODULE Mathlib.Data.Prod.Lex
IMPORTED_MODULE Mathlib.Data.Sigma.Lex
IMPORTED_MODULE Mathlib.Data.Set.Accumulate
IMPORTED_MODULE Mathlib.Order.ConditionallyCompleteLattice.Finset
IMPORTED_MODULE Mathlib.Data.Nat.Lattice
IMPORTED_MODULE Mathlib.Order.OrderIsoNat
IMPORTED_MODULE Mathlib.Order.WellQuasiOrder
IMPORTED_MODULE Mathlib.Data.List.TFAE
IMPORTED_MODULE Mathlib.Tactic.TFAE
IMPORTED_MODULE Mathlib.Order.WellFoundedSet
IMPORTED_MODULE Mathlib.Algebra.Group.Submonoid.Pointwise
IMPORTED_MODULE Mathlib.Algebra.Group.Subgroup.ZPowers.Basic
IMPORTED_MODULE Mathlib.Algebra.Group.Center
IMPORTED_MODULE Mathlib.GroupTheory.Subsemigroup.Center
IMPORTED_MODULE Mathlib.GroupTheory.Submonoid.Center
IMPORTED_MODULE Mathlib.GroupTheory.Subgroup.Center
IMPORTED_MODULE Mathlib.GroupTheory.Subsemigroup.Centralizer
IMPORTED_MODULE Mathlib.GroupTheory.Submonoid.Centralizer
IMPORTED_MODULE Mathlib.GroupTheory.Subgroup.Centralizer
IMPORTED_MODULE Mathlib.GroupTheory.GroupAction.ConjAct
IMPORTED_MODULE Mathlib.Algebra.Group.Subgroup.Pointwise
IMPORTED_MODULE Mathlib.Algebra.GroupWithZero.Pointwise.Set.Basic
IMPORTED_MODULE Mathlib.Algebra.GroupWithZero.Action.Pointwise.Set
IMPORTED_MODULE Mathlib.Algebra.GroupWithZero.Submonoid.Pointwise
IMPORTED_MODULE Mathlib.Algebra.GroupWithZero.Subgroup
IMPORTED_MODULE Mathlib.Data.Set.Card
IMPORTED_MODULE Mathlib.Algebra.Quotient
IMPORTED_MODULE Mathlib.GroupTheory.Coset.Defs
IMPORTED_MODULE Mathlib.GroupTheory.Coset.Basic
IMPORTED_MODULE Mathlib.GroupTheory.Coset.Card
IMPORTED_MODULE Mathlib.Algebra.Group.Submonoid.DistribMulAction
IMPORTED_MODULE Mathlib.Algebra.Group.Subgroup.Actions
IMPORTED_MODULE Mathlib.Algebra.Group.Subgroup.ZPowers.Lemmas
IMPORTED_MODULE Mathlib.Algebra.Group.Commutator
IMPORTED_MODULE Mathlib.GroupTheory.Commutator.Basic
IMPORTED_MODULE Mathlib.GroupTheory.GroupAction.Basic
IMPORTED_MODULE Mathlib.GroupTheory.GroupAction.Quotient
IMPORTED_MODULE Mathlib.GroupTheory.Congruence.Defs
IMPORTED_MODULE Mathlib.GroupTheory.Congruence.Hom
IMPORTED_MODULE Mathlib.GroupTheory.QuotientGroup.Defs
IMPORTED_MODULE Mathlib.GroupTheory.QuotientGroup.Basic
IMPORTED_MODULE Mathlib.GroupTheory.Index
IMPORTED_MODULE Mathlib.Algebra.IsPrimePow
IMPORTED_MODULE Mathlib.Algebra.Ring.CharZero
IMPORTED_MODULE Mathlib.Data.List.Prime
IMPORTED_MODULE Mathlib.Data.Nat.Factors
IMPORTED_MODULE Mathlib.Data.Nat.Prime.Infinite
IMPORTED_MODULE Mathlib.Data.Nat.PrimeFin
IMPORTED_MODULE Mathlib.NumberTheory.Divisors
IMPORTED_MODULE Mathlib.Order.Interval.Set.Infinite
IMPORTED_MODULE Mathlib.GroupTheory.OrderOfElement
IMPORTED_MODULE Mathlib.Data.ZMod.Basic
IMPORTED_MODULE HoffmanChromatic.Detector
IMPORTED_MODULE Mathlib.Algebra.CharP.Lemmas
IMPORTED_MODULE Mathlib.Algebra.Order.GroupWithZero.Action.Synonym
IMPORTED_MODULE Mathlib.Tactic.GCongr
IMPORTED_MODULE Mathlib.Algebra.Order.Module.Defs
IMPORTED_MODULE Mathlib.Algebra.Notation.Lemmas
IMPORTED_MODULE Mathlib.Algebra.Order.Pi
IMPORTED_MODULE Mathlib.Data.Finsupp.Order
IMPORTED_MODULE Mathlib.Order.PiLex
IMPORTED_MODULE Mathlib.Algebra.Order.Group.PiLex
IMPORTED_MODULE Mathlib.Data.DFinsupp.Defs
IMPORTED_MODULE Mathlib.Data.DFinsupp.Module
IMPORTED_MODULE Mathlib.Data.DFinsupp.Order
IMPORTED_MODULE Mathlib.Data.DFinsupp.NeLocus
IMPORTED_MODULE Mathlib.Data.DFinsupp.Lex
IMPORTED_MODULE Mathlib.Data.Finsupp.ToDFinsupp
IMPORTED_MODULE Mathlib.Data.Finsupp.Lex
IMPORTED_MODULE Mathlib.Algebra.Group.Subsemigroup.Operations
IMPORTED_MODULE Mathlib.Order.Filter.Defs
IMPORTED_MODULE Mathlib.Order.Filter.Basic
IMPORTED_MODULE Mathlib.Order.Filter.Map
IMPORTED_MODULE Mathlib.Order.Filter.Tendsto
IMPORTED_MODULE Mathlib.Order.Filter.Extr
IMPORTED_MODULE Mathlib.Algebra.MonoidAlgebra.Degree
IMPORTED_MODULE Mathlib.Algebra.Algebra.Defs
IMPORTED_MODULE Mathlib.Algebra.GroupWithZero.ULift
IMPORTED_MODULE Mathlib.Algebra.Ring.ULift
IMPORTED_MODULE Mathlib.Algebra.Module.ULift
IMPORTED_MODULE Mathlib.RingTheory.NonUnitalSubsemiring.Defs
IMPORTED_MODULE Mathlib.Algebra.Ring.Subsemiring.Defs
IMPORTED_MODULE Mathlib.RingTheory.NonUnitalSubring.Defs
IMPORTED_MODULE Mathlib.Algebra.Ring.Subring.Defs
IMPORTED_MODULE Mathlib.Algebra.Ring.Action.Subobjects
IMPORTED_MODULE Mathlib.Algebra.Group.Subsemigroup.Membership
IMPORTED_MODULE Mathlib.Algebra.GroupWithZero.Center
IMPORTED_MODULE Mathlib.Algebra.Ring.Center
IMPORTED_MODULE Mathlib.Algebra.Ring.Centralizer
IMPORTED_MODULE Mathlib.Algebra.Ring.Submonoid.Basic
IMPORTED_MODULE Mathlib.RingTheory.NonUnitalSubsemiring.Basic
IMPORTED_MODULE Mathlib.Algebra.Ring.Subsemiring.Basic
IMPORTED_MODULE Mathlib.Algebra.Ring.Subring.Basic
IMPORTED_MODULE Mathlib.Algebra.Algebra.Basic
IMPORTED_MODULE Mathlib.Algebra.Algebra.Hom
IMPORTED_MODULE Mathlib.Algebra.Algebra.NonUnitalHom
IMPORTED_MODULE Mathlib.Algebra.Module.Submodule.EqLocus
IMPORTED_MODULE Mathlib.Algebra.Module.Submodule.Equiv
IMPORTED_MODULE Mathlib.Order.ModularLattice
IMPORTED_MODULE Mathlib.Order.Atoms
IMPORTED_MODULE Mathlib.Order.Closure
IMPORTED_MODULE Mathlib.Order.SupClosed
IMPORTED_MODULE Mathlib.Data.Set.Pairwise.List
IMPORTED_MODULE Mathlib.Data.Finset.Pairwise
IMPORTED_MODULE Mathlib.Order.SupIndep
IMPORTED_MODULE Mathlib.Data.Finset.Order
IMPORTED_MODULE Mathlib.Order.Interval.Set.OrderIso
IMPORTED_MODULE Mathlib.Data.Finite.Set
IMPORTED_MODULE Mathlib.Order.CompactlyGenerated.Basic
IMPORTED_MODULE Mathlib.LinearAlgebra.Span.Basic
IMPORTED_MODULE Mathlib.LinearAlgebra.BilinearMap
IMPORTED_MODULE Mathlib.Algebra.Module.Submodule.Bilinear
IMPORTED_MODULE Mathlib.Tactic.SuppressCompilation
IMPORTED_MODULE Mathlib.LinearAlgebra.TensorProduct.Basic
IMPORTED_MODULE Mathlib.Algebra.Algebra.Bilinear
IMPORTED_MODULE Mathlib.Algebra.Ring.Action.Group
IMPORTED_MODULE Mathlib.Algebra.Algebra.Equiv
IMPORTED_MODULE Mathlib.Algebra.Algebra.Opposite
IMPORTED_MODULE Mathlib.Algebra.Group.Pointwise.Set.BigOperators
IMPORTED_MODULE Mathlib.Algebra.Module.Submodule.Pointwise
IMPORTED_MODULE Mathlib.Algebra.GroupWithZero.NonZeroDivisors
IMPORTED_MODULE Mathlib.Algebra.Ring.NonZeroDivisors
IMPORTED_MODULE Mathlib.Algebra.Ring.Submonoid.Pointwise
IMPORTED_MODULE Mathlib.Algebra.Order.Kleene
IMPORTED_MODULE Mathlib.Data.Set.Semiring
IMPORTED_MODULE Mathlib.GroupTheory.GroupAction.SubMulAction.Pointwise
IMPORTED_MODULE Mathlib.Algebra.Algebra.Operations
IMPORTED_MODULE Mathlib.Data.Set.UnionLift
IMPORTED_MODULE Mathlib.RingTheory.NonUnitalSubring.Basic
IMPORTED_MODULE Mathlib.Algebra.Algebra.NonUnitalSubalgebra
IMPORTED_MODULE Mathlib.GroupTheory.Congruence.Basic
IMPORTED_MODULE Mathlib.RingTheory.Congruence.Defs
IMPORTED_MODULE Mathlib.RingTheory.Congruence.Basic
IMPORTED_MODULE Mathlib.GroupTheory.Congruence.Opposite
IMPORTED_MODULE Mathlib.RingTheory.Congruence.Opposite
IMPORTED_MODULE Mathlib.RingTheory.TwoSidedIdeal.Basic
IMPORTED_MODULE Mathlib.RingTheory.TwoSidedIdeal.Lattice
IMPORTED_MODULE Mathlib.RingTheory.SimpleRing.Defs
IMPORTED_MODULE Mathlib.RingTheory.TwoSidedIdeal.Kernel
IMPORTED_MODULE Mathlib.RingTheory.SimpleRing.Basic
IMPORTED_MODULE Mathlib.Algebra.Algebra.Subalgebra.Basic
IMPORTED_MODULE Mathlib.Algebra.Algebra.Subalgebra.Lattice
IMPORTED_MODULE Mathlib.Algebra.Algebra.Tower
IMPORTED_MODULE Mathlib.Algebra.MonoidAlgebra.MapDomain
IMPORTED_MODULE Mathlib.LinearAlgebra.Finsupp.SumProd
IMPORTED_MODULE Mathlib.Algebra.MonoidAlgebra.Basic
IMPORTED_MODULE Mathlib.Algebra.Regular.Pow
IMPORTED_MODULE Mathlib.Algebra.Order.Group.Finset
IMPORTED_MODULE Mathlib.Data.Finsupp.Multiset
IMPORTED_MODULE Mathlib.Data.Finsupp.Antidiagonal
IMPORTED_MODULE Mathlib.Algebra.MvPolynomial.Basic
IMPORTED_MODULE Mathlib.Algebra.MvPolynomial.Eval
IMPORTED_MODULE Mathlib.Algebra.MvPolynomial.Rename
IMPORTED_MODULE Mathlib.Algebra.MvPolynomial.Degrees
IMPORTED_MODULE Mathlib.Algebra.MvPolynomial.Variables
IMPORTED_MODULE Mathlib.Algebra.MvPolynomial.CommRing
IMPORTED_MODULE Mathlib.Data.Finset.Fin
IMPORTED_MODULE Mathlib.Order.Interval.Set.Fin
IMPORTED_MODULE Mathlib.Order.Interval.Finset.Fin
IMPORTED_MODULE Mathlib.Data.Fintype.Fin
IMPORTED_MODULE Mathlib.Algebra.BigOperators.Fin
IMPORTED_MODULE Mathlib.Data.Finsupp.Fin
IMPORTED_MODULE Mathlib.Algebra.BigOperators.Finsupp.Fin
IMPORTED_MODULE Mathlib.Algebra.Algebra.Pi
IMPORTED_MODULE Mathlib.Algebra.Algebra.Prod
IMPORTED_MODULE Mathlib.Algebra.Polynomial.Eval.Defs
IMPORTED_MODULE Mathlib.Algebra.Polynomial.Eval.Algebra
IMPORTED_MODULE Mathlib.Data.Nat.Cast.WithTop
IMPORTED_MODULE Mathlib.Algebra.Polynomial.Degree.Definitions
IMPORTED_MODULE Mathlib.Algebra.Polynomial.Degree.Operations
IMPORTED_MODULE Mathlib.Algebra.Polynomial.Degree.Support
IMPORTED_MODULE Mathlib.Algebra.Polynomial.Degree.Domain
IMPORTED_MODULE Mathlib.Data.Nat.WithBot
IMPORTED_MODULE Mathlib.Algebra.Polynomial.Degree.SmallDegree
IMPORTED_MODULE Mathlib.Algebra.Polynomial.Degree.Units
IMPORTED_MODULE Mathlib.Algebra.Polynomial.Eval.Coeff
IMPORTED_MODULE Mathlib.Algebra.Polynomial.Eval.Degree
IMPORTED_MODULE Mathlib.Algebra.Polynomial.Monomial
IMPORTED_MODULE Mathlib.Algebra.Polynomial.AlgebraMap
IMPORTED_MODULE Mathlib.Algebra.Polynomial.Degree.Lemmas
IMPORTED_MODULE Mathlib.Algebra.MvPolynomial.Equiv
IMPORTED_MODULE Mathlib.Algebra.Polynomial.Degree.TrailingDegree
IMPORTED_MODULE Mathlib.Algebra.Polynomial.Degree.Monomial
IMPORTED_MODULE Mathlib.Algebra.Polynomial.EraseLead
IMPORTED_MODULE Mathlib.Algebra.Polynomial.Reverse
IMPORTED_MODULE Mathlib.Algebra.Polynomial.Monic
IMPORTED_MODULE Mathlib.Algebra.Polynomial.BigOperators
IMPORTED_MODULE Mathlib.Order.PartialSups
IMPORTED_MODULE Mathlib.Algebra.Order.PartialSups
IMPORTED_MODULE Mathlib.Algebra.Group.Fin.Tuple
IMPORTED_MODULE Mathlib.Algebra.Group.Graph
IMPORTED_MODULE Mathlib.LinearAlgebra.Prod
IMPORTED_MODULE Mathlib.LinearAlgebra.Pi
IMPORTED_MODULE Mathlib.LinearAlgebra.Quotient.Defs
IMPORTED_MODULE Mathlib.LinearAlgebra.Quotient.Basic
IMPORTED_MODULE Mathlib.Order.Filter.Bases.Basic
IMPORTED_MODULE Mathlib.Order.Filter.AtTopBot.Defs
IMPORTED_MODULE Mathlib.Order.Interval.Set.Disjoint
IMPORTED_MODULE Mathlib.Order.Filter.AtTopBot.Disjoint
IMPORTED_MODULE Mathlib.Order.Filter.AtTopBot.Tendsto
IMPORTED_MODULE Mathlib.Order.Filter.AtTopBot.Basic
IMPORTED_MODULE Mathlib.Data.Set.Finite.Lemmas
IMPORTED_MODULE Mathlib.GroupTheory.Finiteness
IMPORTED_MODULE Mathlib.Algebra.GroupWithZero.Idempotent
IMPORTED_MODULE Mathlib.Algebra.Ring.Idempotent
IMPORTED_MODULE Mathlib.RingTheory.Ideal.Defs
IMPORTED_MODULE Mathlib.RingTheory.Ideal.Lattice
IMPORTED_MODULE Mathlib.RingTheory.Ideal.Span
IMPORTED_MODULE Mathlib.Tactic.Algebraize
IMPORTED_MODULE Mathlib.RingTheory.Finiteness.Defs
IMPORTED_MODULE Mathlib.RingTheory.Finiteness.Basic
IMPORTED_MODULE Mathlib.RingTheory.Noetherian.Defs
IMPORTED_MODULE Mathlib.LinearAlgebra.Finsupp.LinearCombination
IMPORTED_MODULE Mathlib.LinearAlgebra.Basis.Defs
IMPORTED_MODULE Mathlib.LinearAlgebra.LinearIndependent.Defs
IMPORTED_MODULE Mathlib.SetTheory.Ordinal.Basic
IMPORTED_MODULE Mathlib.SetTheory.Cardinal.UnivLE
IMPORTED_MODULE Mathlib.Order.SuccPred.InitialSeg
IMPORTED_MODULE Mathlib.SetTheory.Ordinal.Arithmetic
IMPORTED_MODULE Mathlib.SetTheory.Ordinal.Family
IMPORTED_MODULE Mathlib.SetTheory.Ordinal.Enum
IMPORTED_MODULE Mathlib.SetTheory.Cardinal.Aleph
IMPORTED_MODULE Mathlib.SetTheory.Cardinal.Arithmetic
IMPORTED_MODULE Mathlib.Logic.Small.List
IMPORTED_MODULE Mathlib.SetTheory.Ordinal.Exponential
IMPORTED_MODULE Mathlib.SetTheory.Ordinal.FixedPoint
IMPORTED_MODULE Mathlib.SetTheory.Cardinal.Cofinality
IMPORTED_MODULE Mathlib.SetTheory.Cardinal.Regular
IMPORTED_MODULE Mathlib.SetTheory.Cardinal.Pigeonhole
IMPORTED_MODULE Mathlib.LinearAlgebra.Basis.Cardinality
IMPORTED_MODULE Mathlib.Data.DFinsupp.Ext
IMPORTED_MODULE Mathlib.Data.DFinsupp.BigOperators
IMPORTED_MODULE Mathlib.Data.DFinsupp.Submonoid
IMPORTED_MODULE Mathlib.Data.Fin.Tuple.Reflection
IMPORTED_MODULE Mathlib.LinearAlgebra.LinearIndependent.Basic
IMPORTED_MODULE Mathlib.Logic.Equiv.Fin.Rotate
IMPORTED_MODULE Mathlib.Algebra.Order.Module.OrderedSMul
IMPORTED_MODULE Mathlib.Tactic.LinearCombination.Lemmas
IMPORTED_MODULE Mathlib.Tactic.Ring.Compare
IMPORTED_MODULE Mathlib.Tactic.LinearCombination
IMPORTED_MODULE Mathlib.Tactic.Module
IMPORTED_MODULE Mathlib.Tactic.NoncommRing
IMPORTED_MODULE Mathlib.LinearAlgebra.LinearIndependent.Lemmas
IMPORTED_MODULE Mathlib.LinearAlgebra.DFinsupp
IMPORTED_MODULE Mathlib.Data.Finsupp.Fintype
IMPORTED_MODULE Mathlib.LinearAlgebra.Basis.Basic
IMPORTED_MODULE Mathlib.LinearAlgebra.FreeModule.Basic
IMPORTED_MODULE Mathlib.LinearAlgebra.StdBasis
IMPORTED_MODULE Mathlib.RingTheory.Finiteness.Cardinality
IMPORTED_MODULE Mathlib.RingTheory.Finiteness.Finsupp
IMPORTED_MODULE Mathlib.Data.Fintype.Lattice
IMPORTED_MODULE Mathlib.RingTheory.Coprime.Basic
IMPORTED_MODULE Mathlib.RingTheory.Coprime.Lemmas
IMPORTED_MODULE Mathlib.Algebra.Field.IsField
IMPORTED_MODULE Mathlib.RingTheory.Ideal.Prime
IMPORTED_MODULE Mathlib.RingTheory.Ideal.Maximal
IMPORTED_MODULE Mathlib.RingTheory.Ideal.Basic
IMPORTED_MODULE Mathlib.RingTheory.Ideal.Operations
IMPORTED_MODULE Mathlib.RingTheory.Ideal.Maps
IMPORTED_MODULE Mathlib.RingTheory.Ideal.Prod
IMPORTED_MODULE Mathlib.RingTheory.Noetherian.Basic
IMPORTED_MODULE Mathlib.RingTheory.Polynomial.Basic
IMPORTED_MODULE Mathlib.Data.Nat.Choose.Lucas
IMPORTED_MODULE Mathlib.Data.Nat.Choose.Central
IMPORTED_MODULE Mathlib.Algebra.CharP.Two
IMPORTED_MODULE HoffmanChromatic.DetectorIndex
IMPORTED_MODULE Mathlib.Algebra.Group.UniqueProds.Basic
IMPORTED_MODULE Mathlib.Algebra.FreeMonoid.UniqueProds
IMPORTED_MODULE Mathlib.Algebra.MonoidAlgebra.NoZeroDivisors
IMPORTED_MODULE Mathlib.Algebra.FreeAlgebra
IMPORTED_MODULE Mathlib.RingTheory.Adjoin.Polynomial
IMPORTED_MODULE Mathlib.Algebra.EuclideanDomain.Defs
IMPORTED_MODULE Mathlib.Algebra.EuclideanDomain.Int
IMPORTED_MODULE Mathlib.Algebra.Algebra.Subalgebra.Prod
IMPORTED_MODULE Mathlib.Algebra.Algebra.Subalgebra.Tower
IMPORTED_MODULE Mathlib.RingTheory.Adjoin.Basic
IMPORTED_MODULE Mathlib.Algebra.EuclideanDomain.Basic
IMPORTED_MODULE Mathlib.Algebra.EuclideanDomain.Field
IMPORTED_MODULE Mathlib.Algebra.Ring.Associated
IMPORTED_MODULE Mathlib.Algebra.GCDMonoid.Basic
IMPORTED_MODULE Mathlib.RingTheory.Ideal.Nonunits
IMPORTED_MODULE Mathlib.Algebra.GroupWithZero.Submonoid.Primal
IMPORTED_MODULE Mathlib.RingTheory.UniqueFactorizationDomain.Defs
IMPORTED_MODULE Mathlib.RingTheory.UniqueFactorizationDomain.Ideal
IMPORTED_MODULE Mathlib.RingTheory.Noetherian.UniqueFactorizationDomain
IMPORTED_MODULE Mathlib.RingTheory.PrincipalIdealDomain
IMPORTED_MODULE Mathlib.RingTheory.Adjoin.FG
IMPORTED_MODULE Mathlib.RingTheory.Adjoin.Tower
IMPORTED_MODULE Mathlib.Algebra.Algebra.Subalgebra.Operations
IMPORTED_MODULE Mathlib.Algebra.Ring.Fin
IMPORTED_MODULE Mathlib.GroupTheory.QuotientGroup.Finite
IMPORTED_MODULE Mathlib.RingTheory.Ideal.Quotient.Defs
IMPORTED_MODULE Mathlib.RingTheory.Ideal.Quotient.Basic
IMPORTED_MODULE Mathlib.RingTheory.Ideal.Quotient.Operations
IMPORTED_MODULE Mathlib.Algebra.Module.Submodule.IterateMapComap
IMPORTED_MODULE Mathlib.Algebra.Equiv.TransferInstance
IMPORTED_MODULE Mathlib.RingTheory.OrzechProperty
IMPORTED_MODULE Mathlib.RingTheory.Noetherian.Orzech
IMPORTED_MODULE Mathlib.RingTheory.FiniteType
IMPORTED_MODULE Mathlib.LinearAlgebra.Finsupp.Pi
IMPORTED_MODULE Mathlib.LinearAlgebra.InvariantBasisNumber
IMPORTED_MODULE Mathlib.LinearAlgebra.FreeModule.StrongRankCondition
IMPORTED_MODULE Mathlib.LinearAlgebra.GeneralLinearGroup
IMPORTED_MODULE Mathlib.Algebra.BigOperators.RingEquiv
IMPORTED_MODULE Mathlib.Data.Matrix.Defs
IMPORTED_MODULE Mathlib.Data.Matrix.Diagonal
IMPORTED_MODULE Mathlib.Data.Matrix.Mul
IMPORTED_MODULE Mathlib.Data.Matrix.Basic
IMPORTED_MODULE Mathlib.Data.Matrix.Basis
IMPORTED_MODULE Mathlib.Data.Matrix.Composition
IMPORTED_MODULE Mathlib.Algebra.Ring.Aut
IMPORTED_MODULE Mathlib.Algebra.Star.Basic
IMPORTED_MODULE Mathlib.Algebra.Star.BigOperators
IMPORTED_MODULE Mathlib.Algebra.Star.Pi
IMPORTED_MODULE Mathlib.Algebra.Field.Opposite
IMPORTED_MODULE Mathlib.Algebra.Star.Rat
IMPORTED_MODULE Mathlib.Algebra.Star.SelfAdjoint
IMPORTED_MODULE Mathlib.Algebra.Module.LinearMap.Star
IMPORTED_MODULE Mathlib.Algebra.Module.Rat
IMPORTED_MODULE Mathlib.Algebra.Star.Module
IMPORTED_MODULE Mathlib.Data.Matrix.ConjTranspose
IMPORTED_MODULE Mathlib.Data.Matrix.Block
IMPORTED_MODULE Mathlib.Data.Matrix.RowCol
IMPORTED_MODULE Mathlib.Data.Matrix.Notation
IMPORTED_MODULE Mathlib.GroupTheory.GroupAction.Ring
IMPORTED_MODULE Mathlib.Algebra.GCDMonoid.Multiset
IMPORTED_MODULE Mathlib.Algebra.GCDMonoid.Nat
IMPORTED_MODULE Mathlib.Algebra.Group.TypeTags.Finite
IMPORTED_MODULE Mathlib.Combinatorics.Enumerative.Composition
IMPORTED_MODULE Mathlib.Combinatorics.Enumerative.Partition
IMPORTED_MODULE Mathlib.GroupTheory.Perm.Basic
IMPORTED_MODULE Mathlib.Data.Finite.Sum
IMPORTED_MODULE Mathlib.GroupTheory.Perm.Support
IMPORTED_MODULE Mathlib.Data.Fintype.Inv
IMPORTED_MODULE Mathlib.Logic.Equiv.Fintype
IMPORTED_MODULE Mathlib.GroupTheory.Perm.Finite
IMPORTED_MODULE Mathlib.GroupTheory.Perm.List
IMPORTED_MODULE Mathlib.Data.Fintype.Perm
IMPORTED_MODULE Mathlib.Data.Int.Order.Units
IMPORTED_MODULE Mathlib.GroupTheory.Perm.Sign
IMPORTED_MODULE Mathlib.GroupTheory.Perm.Cycle.Basic
IMPORTED_MODULE Mathlib.GroupTheory.Perm.Closure
IMPORTED_MODULE Mathlib.Data.List.Iterate
IMPORTED_MODULE Mathlib.Data.Nat.GCD.BigOperators
IMPORTED_MODULE Mathlib.GroupTheory.NoncommPiCoprod
IMPORTED_MODULE Mathlib.Tactic.Group
IMPORTED_MODULE Mathlib.GroupTheory.Perm.Cycle.Factors
IMPORTED_MODULE Mathlib.Tactic.NormNum.GCD
IMPORTED_MODULE Mathlib.GroupTheory.Perm.Cycle.Type
IMPORTED_MODULE Mathlib.GroupTheory.Perm.Option
IMPORTED_MODULE Mathlib.GroupTheory.Perm.Fin
IMPORTED_MODULE Mathlib.Data.Fintype.Sort
IMPORTED_MODULE Mathlib.Algebra.BigOperators.Group.Finset.Powerset
IMPORTED_MODULE Mathlib.LinearAlgebra.Multilinear.Basic
IMPORTED_MODULE Mathlib.LinearAlgebra.Multilinear.Curry
IMPORTED_MODULE Mathlib.LinearAlgebra.Multilinear.Basis
IMPORTED_MODULE Mathlib.LinearAlgebra.Alternating.Basic
IMPORTED_MODULE Mathlib.LinearAlgebra.Matrix.SemiringInverse
IMPORTED_MODULE Mathlib.LinearAlgebra.Matrix.Determinant.Basic
IMPORTED_MODULE Mathlib.LinearAlgebra.Matrix.Reindex
IMPORTED_MODULE Mathlib.Util.DischargerAsTactic
IMPORTED_MODULE Mathlib.Tactic.FieldSimp
IMPORTED_MODULE Mathlib.Data.Matrix.Invertible
IMPORTED_MODULE Mathlib.LinearAlgebra.Matrix.Trace
IMPORTED_MODULE Mathlib.LinearAlgebra.TensorProduct.Associator
IMPORTED_MODULE Mathlib.Algebra.Algebra.RestrictScalars
IMPORTED_MODULE Mathlib.GroupTheory.OreLocalization.OreSet
IMPORTED_MODULE Mathlib.GroupTheory.OreLocalization.Basic
IMPORTED_MODULE Mathlib.GroupTheory.MonoidLocalization.Basic
IMPORTED_MODULE Mathlib.LinearAlgebra.TensorProduct.Tower
IMPORTED_MODULE Mathlib.RingTheory.TensorProduct.Basic
IMPORTED_MODULE Mathlib.Data.Matrix.Kronecker
IMPORTED_MODULE Mathlib.Data.List.Pi
IMPORTED_MODULE Mathlib.Data.Fintype.Quotient
IMPORTED_MODULE Mathlib.Data.DFinsupp.Sigma
IMPORTED_MODULE Mathlib.Algebra.DirectSum.Basic
IMPORTED_MODULE Mathlib.Algebra.DirectSum.Module
IMPORTED_MODULE Mathlib.Algebra.DirectSum.Finsupp
IMPORTED_MODULE Mathlib.LinearAlgebra.DirectSum.TensorProduct
IMPORTED_MODULE Mathlib.LinearAlgebra.DirectSum.Finsupp
IMPORTED_MODULE Mathlib.LinearAlgebra.Finsupp.VectorSpace
IMPORTED_MODULE Mathlib.LinearAlgebra.TensorProduct.Basis
IMPORTED_MODULE Mathlib.Algebra.Module.Projective
IMPORTED_MODULE Mathlib.LinearAlgebra.Matrix.StdBasis
IMPORTED_MODULE Mathlib.LinearAlgebra.FreeModule.Finite.Basic
IMPORTED_MODULE Mathlib.LinearAlgebra.Basis.Submodule
IMPORTED_MODULE Mathlib.LinearAlgebra.Dimension.Basic
IMPORTED_MODULE Mathlib.LinearAlgebra.Dimension.Finrank
IMPORTED_MODULE Mathlib.LinearAlgebra.Dimension.StrongRankCondition
IMPORTED_MODULE Mathlib.LinearAlgebra.Basis.Prod
IMPORTED_MODULE Mathlib.RingTheory.AlgebraTower
IMPORTED_MODULE Mathlib.SetTheory.Cardinal.Finsupp
IMPORTED_MODULE Mathlib.LinearAlgebra.Dimension.Free
IMPORTED_MODULE Mathlib.LinearAlgebra.Dimension.Constructions
IMPORTED_MODULE Mathlib.LinearAlgebra.Dimension.Finite
IMPORTED_MODULE Mathlib.LinearAlgebra.LinearPMap
IMPORTED_MODULE Mathlib.LinearAlgebra.Projection
IMPORTED_MODULE Mathlib.LinearAlgebra.Basis.VectorSpace
IMPORTED_MODULE Mathlib.LinearAlgebra.FiniteDimensional.Defs
IMPORTED_MODULE Mathlib.LinearAlgebra.FiniteDimensional.Basic
IMPORTED_MODULE Mathlib.LinearAlgebra.Matrix.MvPolynomial
IMPORTED_MODULE Mathlib.Tactic.ComputeDegree
IMPORTED_MODULE Mathlib.LinearAlgebra.Matrix.Polynomial
IMPORTED_MODULE Mathlib.LinearAlgebra.Matrix.Adjugate
IMPORTED_MODULE Mathlib.LinearAlgebra.Basis.Fin
IMPORTED_MODULE Mathlib.LinearAlgebra.Basis.SMul
IMPORTED_MODULE Mathlib.LinearAlgebra.Matrix.ToLin
IMPORTED_MODULE Mathlib.LinearAlgebra.Matrix.NonsingularInverse
IMPORTED_MODULE Mathlib.LinearAlgebra.Matrix.Basis
IMPORTED_MODULE Mathlib.LinearAlgebra.Determinant
IMPORTED_MODULE Mathlib.Algebra.Field.Subfield.Defs
IMPORTED_MODULE Mathlib.Algebra.Field.Subfield.Basic
IMPORTED_MODULE Mathlib.Logic.Equiv.Multiset
IMPORTED_MODULE Mathlib.Logic.Equiv.Finset
IMPORTED_MODULE Mathlib.Logic.Encodable.Pi
IMPORTED_MODULE Mathlib.Data.W.Basic
IMPORTED_MODULE Mathlib.Data.W.Cardinal
IMPORTED_MODULE Mathlib.SetTheory.Cardinal.Subfield
IMPORTED_MODULE Mathlib.LinearAlgebra.Dimension.ErdosKaplansky
IMPORTED_MODULE Mathlib.LinearAlgebra.Dual.Defs
IMPORTED_MODULE Mathlib.LinearAlgebra.Dual.Basis
IMPORTED_MODULE Mathlib.LinearAlgebra.Isomorphisms
IMPORTED_MODULE Mathlib.LinearAlgebra.Dimension.RankNullity
IMPORTED_MODULE Mathlib.LinearAlgebra.Dimension.DivisionRing
IMPORTED_MODULE Mathlib.LinearAlgebra.Dimension.FreeAndStrongRankCondition
IMPORTED_MODULE Mathlib.LinearAlgebra.FiniteDimensional.Lemmas
IMPORTED_MODULE Mathlib.LinearAlgebra.SesquilinearForm
IMPORTED_MODULE Mathlib.RingTheory.Finiteness.Projective
IMPORTED_MODULE Mathlib.RingTheory.LocalRing.Defs
IMPORTED_MODULE Mathlib.RingTheory.LocalRing.Basic
IMPORTED_MODULE Mathlib.LinearAlgebra.Dual.Lemmas
IMPORTED_MODULE Mathlib.LinearAlgebra.Dimension.LinearMap
IMPORTED_MODULE Mathlib.LinearAlgebra.Matrix.Diagonal
IMPORTED_MODULE Mathlib.Algebra.Order.Group.Opposite
IMPORTED_MODULE Mathlib.Algebra.Star.StarRingHom
IMPORTED_MODULE Mathlib.Tactic.FunProp.Decl
IMPORTED_MODULE Mathlib.Tactic.FunProp.ToBatteries
IMPORTED_MODULE Mathlib.Tactic.FunProp.Mor
IMPORTED_MODULE Mathlib.Tactic.FunProp.FunctionData
IMPORTED_MODULE Mathlib.Tactic.FunProp.Types
IMPORTED_MODULE Mathlib.Lean.Meta.RefinedDiscrTree.Pi
IMPORTED_MODULE Mathlib.Lean.Meta.RefinedDiscrTree.Basic
IMPORTED_MODULE Mathlib.Tactic.FunProp.StateList
IMPORTED_MODULE Mathlib.Lean.Meta.RefinedDiscrTree.Encode
IMPORTED_MODULE Mathlib.Lean.Meta.RefinedDiscrTree
IMPORTED_MODULE Mathlib.Lean.Meta.RefinedDiscrTree.Lookup
IMPORTED_MODULE Mathlib.Tactic.FunProp.Theorems
IMPORTED_MODULE Mathlib.Tactic.FunProp.Attr
IMPORTED_MODULE Mathlib.Tactic.FunProp.Core
IMPORTED_MODULE Mathlib.Tactic.FunProp.Elab
IMPORTED_MODULE Mathlib.Tactic.FunProp
IMPORTED_MODULE Mathlib.Tactic.ContinuousFunctionalCalculus
IMPORTED_MODULE Mathlib.Algebra.Order.Star.Basic
IMPORTED_MODULE Mathlib.LinearAlgebra.Matrix.DotProduct
IMPORTED_MODULE Mathlib.LinearAlgebra.Matrix.Dual
IMPORTED_MODULE Mathlib.Data.Matrix.Rank
IMPORTED_MODULE Mathlib.Algebra.Group.Pointwise.Finset.Scalar
IMPORTED_MODULE Mathlib.Order.Fin.Tuple
IMPORTED_MODULE Mathlib.Data.Fin.Tuple.NatAntidiagonal
IMPORTED_MODULE Mathlib.Data.Sym.Sym2.Init
IMPORTED_MODULE Mathlib.Data.Sym.Sym2
IMPORTED_MODULE Mathlib.Data.List.Sym
IMPORTED_MODULE Mathlib.Data.Multiset.Sym
IMPORTED_MODULE Mathlib.Data.Finset.Sym
IMPORTED_MODULE Mathlib.Algebra.Order.Antidiag.Pi
IMPORTED_MODULE Mathlib.Algebra.Order.Antidiag.Finsupp
IMPORTED_MODULE Mathlib.Data.Finsupp.Weight
IMPORTED_MODULE Mathlib.RingTheory.MvPowerSeries.Basic
IMPORTED_MODULE Mathlib.Tactic.MoveAdd
IMPORTED_MODULE Mathlib.RingTheory.PowerSeries.Basic
IMPORTED_MODULE HoffmanChromatic.CoefficientRank
IMPORTED_MODULE Mathlib.Combinatorics.SimpleGraph.Init
IMPORTED_MODULE Mathlib.Data.Rel
IMPORTED_MODULE Mathlib.Combinatorics.SimpleGraph.Basic
IMPORTED_MODULE Mathlib.Combinatorics.SimpleGraph.Dart
IMPORTED_MODULE Mathlib.Data.FunLike.Fintype
IMPORTED_MODULE Mathlib.Combinatorics.SimpleGraph.Maps
IMPORTED_MODULE Mathlib.Data.Sym.Card
IMPORTED_MODULE Mathlib.Combinatorics.SimpleGraph.Finite
IMPORTED_MODULE Mathlib.Combinatorics.SimpleGraph.DeleteEdges
IMPORTED_MODULE Mathlib.Combinatorics.SimpleGraph.Walk
IMPORTED_MODULE Mathlib.Combinatorics.SimpleGraph.Connectivity.WalkDecomp
IMPORTED_MODULE Mathlib.Combinatorics.SimpleGraph.Subgraph
IMPORTED_MODULE Mathlib.Combinatorics.SimpleGraph.Path
IMPORTED_MODULE Mathlib.Combinatorics.SimpleGraph.Operations
IMPORTED_MODULE Mathlib.Data.Fintype.Pigeonhole
IMPORTED_MODULE Mathlib.Combinatorics.SimpleGraph.Clique
IMPORTED_MODULE Mathlib.Data.ENat.Lattice
IMPORTED_MODULE Mathlib.Order.Partition.Finpartition
IMPORTED_MODULE Mathlib.Data.Setoid.Partition
IMPORTED_MODULE Mathlib.Combinatorics.SimpleGraph.Coloring
IMPORTED_MODULE HoffmanChromatic.RankColoring
IMPORTED_MODULE HoffmanChromatic.Counting
IMPORTED_MODULE HoffmanChromatic.Arithmetic
IMPORTED_MODULE Mathlib.Algebra.Order.Ring.Synonym
IMPORTED_MODULE Mathlib.Algebra.Order.Module.Synonym
IMPORTED_MODULE Mathlib.Algebra.Ring.Action.Pointwise.Set
IMPORTED_MODULE Mathlib.Algebra.Module.LinearMap.Prod
IMPORTED_MODULE Mathlib.Order.Bounds.OrderIso
IMPORTED_MODULE Mathlib.Algebra.Order.Field.Basic
IMPORTED_MODULE Mathlib.Algebra.Order.Group.MinMax
IMPORTED_MODULE Mathlib.Algebra.Order.Group.Pointwise.Interval
IMPORTED_MODULE Mathlib.Algebra.AddTorsor.Defs
IMPORTED_MODULE Mathlib.Algebra.AddTorsor.Basic
IMPORTED_MODULE Mathlib.LinearAlgebra.AffineSpace.Defs
IMPORTED_MODULE Mathlib.LinearAlgebra.AffineSpace.AffineMap
IMPORTED_MODULE Mathlib.LinearAlgebra.AffineSpace.AffineEquiv
IMPORTED_MODULE Mathlib.LinearAlgebra.AffineSpace.Midpoint
IMPORTED_MODULE Mathlib.Algebra.Order.Module.Algebra
IMPORTED_MODULE Mathlib.Algebra.Order.GroupWithZero.Submonoid
IMPORTED_MODULE Mathlib.Algebra.Ring.Subring.Units
IMPORTED_MODULE Mathlib.LinearAlgebra.Ray
IMPORTED_MODULE Mathlib.Analysis.Convex.Segment
IMPORTED_MODULE Mathlib.Analysis.Convex.Star
IMPORTED_MODULE Mathlib.LinearAlgebra.AffineSpace.AffineSubspace.Defs
IMPORTED_MODULE Mathlib.Analysis.Convex.Basic
IMPORTED_MODULE Mathlib.Data.NNRat.Order
IMPORTED_MODULE Mathlib.Data.Finset.Density
IMPORTED_MODULE Mathlib.Algebra.BigOperators.Field
IMPORTED_MODULE Mathlib.Algebra.Algebra.Field
IMPORTED_MODULE Mathlib.Algebra.Algebra.Rat
IMPORTED_MODULE Mathlib.Algebra.BigOperators.Expect
IMPORTED_MODULE Mathlib.Algebra.BigOperators.Balance
IMPORTED_MODULE Mathlib.Data.NNRat.Lemmas
IMPORTED_MODULE Mathlib.Algebra.Order.Module.Rat
IMPORTED_MODULE Mathlib.Algebra.Order.BigOperators.Expect
IMPORTED_MODULE Mathlib.Algebra.Order.Floor.Defs
IMPORTED_MODULE Mathlib.Data.Nat.Cast.Order.Field
IMPORTED_MODULE Mathlib.Algebra.Order.Floor.Semiring
IMPORTED_MODULE Mathlib.Algebra.Order.Ring.Pow
IMPORTED_MODULE Mathlib.Data.Int.LeastGreatest
IMPORTED_MODULE Mathlib.Algebra.Order.Floor.Ring
IMPORTED_MODULE Mathlib.Algebra.Group.Torsion
IMPORTED_MODULE Mathlib.Algebra.Order.Group.Basic
IMPORTED_MODULE Mathlib.Algebra.Order.Interval.Set.Group
IMPORTED_MODULE Mathlib.Algebra.Order.Round
IMPORTED_MODULE Mathlib.Data.Rat.Floor
IMPORTED_MODULE Mathlib.Algebra.Order.Archimedean.Basic
IMPORTED_MODULE Mathlib.Algebra.Order.Group.Pointwise.Bounds
IMPORTED_MODULE Mathlib.Algebra.Order.CauSeq.Basic
IMPORTED_MODULE Mathlib.Algebra.Order.CauSeq.Completion
IMPORTED_MODULE Mathlib.Data.Real.Basic
IMPORTED_MODULE Mathlib.Data.Real.Archimedean
IMPORTED_MODULE Mathlib.Data.NNReal.Defs
IMPORTED_MODULE Mathlib.Order.ConditionallyCompleteLattice.Group
IMPORTED_MODULE Mathlib.Analysis.Normed.Group.Seminorm
IMPORTED_MODULE Mathlib.Algebra.Order.Nonneg.Floor
IMPORTED_MODULE Mathlib.Algebra.Order.Module.Pointwise
IMPORTED_MODULE Mathlib.Data.Real.Pointwise
IMPORTED_MODULE Mathlib.Data.NNReal.Basic
IMPORTED_MODULE Mathlib.Algebra.GroupWithZero.Indicator
IMPORTED_MODULE Mathlib.Tactic.Continuity.Init
IMPORTED_MODULE Mathlib.Tactic.Continuity
IMPORTED_MODULE Mathlib.Topology.Defs.Basic
IMPORTED_MODULE Mathlib.Topology.ContinuousMap.Defs
IMPORTED_MODULE Mathlib.Order.Filter.Prod
IMPORTED_MODULE Mathlib.Order.Filter.Finite
IMPORTED_MODULE Mathlib.Order.Filter.Lift
IMPORTED_MODULE Mathlib.Topology.Defs.Filter
IMPORTED_MODULE Mathlib.Topology.Basic
IMPORTED_MODULE Mathlib.Topology.Closure
IMPORTED_MODULE Mathlib.Topology.Neighborhoods
IMPORTED_MODULE Mathlib.Topology.ClusterPt
IMPORTED_MODULE Mathlib.Topology.Continuous
IMPORTED_MODULE Mathlib.Topology.Defs.Induced
IMPORTED_MODULE Mathlib.Topology.Order
IMPORTED_MODULE Mathlib.Topology.Maps.Basic
IMPORTED_MODULE Mathlib.Topology.Homeomorph.Defs
IMPORTED_MODULE Mathlib.Data.Set.Constructions
IMPORTED_MODULE Mathlib.Order.Filter.Bases.Finite
IMPORTED_MODULE Mathlib.Order.Filter.AtTopBot.Finite
IMPORTED_MODULE Mathlib.Order.Filter.AtTopBot.Prod
IMPORTED_MODULE Mathlib.Order.Filter.CountablyGenerated
IMPORTED_MODULE Mathlib.Order.Filter.AtTopBot.CountablyGenerated
IMPORTED_MODULE Mathlib.Order.Filter.Ker
IMPORTED_MODULE Mathlib.Order.Filter.Pi
IMPORTED_MODULE Mathlib.Order.Filter.Cofinite
IMPORTED_MODULE Mathlib.Order.Filter.Curry
IMPORTED_MODULE Mathlib.Topology.Constructions.SumProd
IMPORTED_MODULE Mathlib.Topology.NhdsSet
IMPORTED_MODULE Mathlib.Topology.Constructions
IMPORTED_MODULE Mathlib.Topology.ContinuousOn
IMPORTED_MODULE Mathlib.Topology.Bases
IMPORTED_MODULE Mathlib.Topology.Bornology.Basic
IMPORTED_MODULE Mathlib.Order.ZornAtoms
IMPORTED_MODULE Mathlib.Order.Filter.Ultrafilter.Defs
IMPORTED_MODULE Mathlib.Order.Filter.Ultrafilter.Basic
IMPORTED_MODULE Mathlib.Topology.Ultrafilter
IMPORTED_MODULE Mathlib.Topology.Defs.Ultrafilter
IMPORTED_MODULE Mathlib.Topology.Compactness.Compact
IMPORTED_MODULE Mathlib.Topology.Compactness.LocallyCompact
IMPORTED_MODULE Mathlib.Order.Filter.SmallSets
IMPORTED_MODULE Mathlib.Topology.LocallyFinite
IMPORTED_MODULE Mathlib.Topology.Compactness.LocallyFinite
IMPORTED_MODULE Mathlib.Topology.Compactness.SigmaCompact
IMPORTED_MODULE Mathlib.Topology.Irreducible
IMPORTED_MODULE Mathlib.Order.UpperLower.CompleteLattice
IMPORTED_MODULE Mathlib.Order.UpperLower.Principal
IMPORTED_MODULE Mathlib.Order.UpperLower.Closure
IMPORTED_MODULE Mathlib.Order.UpperLower.Fibration
IMPORTED_MODULE Mathlib.Topology.Maps.OpenQuotient
IMPORTED_MODULE Mathlib.Topology.Inseparable
IMPORTED_MODULE Mathlib.Topology.Piecewise
IMPORTED_MODULE Mathlib.Topology.Separation.SeparatedNhds
IMPORTED_MODULE Mathlib.Topology.Separation.Basic
IMPORTED_MODULE Mathlib.Topology.Separation.Hausdorff
IMPORTED_MODULE Mathlib.Topology.Algebra.Support
IMPORTED_MODULE Mathlib.Data.ENNReal.Basic
IMPORTED_MODULE Mathlib.Data.ENNReal.Real
IMPORTED_MODULE Mathlib.Data.ENNReal.Operations
IMPORTED_MODULE Mathlib.Data.ENNReal.Inv
IMPORTED_MODULE Mathlib.Tactic.Monotonicity.Basic
IMPORTED_MODULE Mathlib.Topology.UniformSpace.Defs
IMPORTED_MODULE Mathlib.Topology.UniformSpace.Basic
IMPORTED_MODULE Mathlib.Topology.UniformSpace.OfFun
IMPORTED_MODULE Mathlib.Topology.EMetricSpace.Defs
IMPORTED_MODULE Mathlib.Topology.UniformSpace.Compact
IMPORTED_MODULE Mathlib.Topology.Algebra.Constructions
IMPORTED_MODULE Mathlib.Topology.UniformSpace.Cauchy
IMPORTED_MODULE Mathlib.Topology.UniformSpace.UniformConvergence
IMPORTED_MODULE Mathlib.Topology.UniformSpace.LocallyUniformConvergence
IMPORTED_MODULE Mathlib.Order.Filter.CountableInter
IMPORTED_MODULE Mathlib.Topology.Compactness.Lindelof
IMPORTED_MODULE Mathlib.Data.Set.Functor
IMPORTED_MODULE Mathlib.Data.Set.Subset
IMPORTED_MODULE Mathlib.Data.Set.BoolIndicator
IMPORTED_MODULE Mathlib.Topology.Clopen
IMPORTED_MODULE Mathlib.Order.SuccPred.Relation
IMPORTED_MODULE Mathlib.Topology.Connected.Basic
IMPORTED_MODULE Mathlib.Topology.Connected.Clopen
IMPORTED_MODULE Mathlib.Topology.Separation.Regular
IMPORTED_MODULE Mathlib.Topology.UniformSpace.Separation
IMPORTED_MODULE Mathlib.Topology.DenseEmbedding
IMPORTED_MODULE Mathlib.Topology.UniformSpace.UniformEmbedding
IMPORTED_MODULE Mathlib.Topology.EMetricSpace.Basic
IMPORTED_MODULE Mathlib.Topology.MetricSpace.Pseudo.Defs
IMPORTED_MODULE Mathlib.Topology.MetricSpace.Pseudo.Basic
IMPORTED_MODULE Mathlib.Topology.Bornology.Constructions
IMPORTED_MODULE Mathlib.Topology.MetricSpace.Pseudo.Constructions
IMPORTED_MODULE Mathlib.Algebra.Ring.Pointwise.Set
IMPORTED_MODULE Mathlib.Order.Filter.AtTopBot.CompleteLattice
IMPORTED_MODULE Mathlib.Order.Filter.AtTopBot.Map
IMPORTED_MODULE Mathlib.Order.Filter.AtTopBot.Monoid
IMPORTED_MODULE Mathlib.Order.Filter.AtTopBot.Group
IMPORTED_MODULE Mathlib.Order.Filter.Interval
IMPORTED_MODULE Mathlib.Order.Interval.Set.Pi
IMPORTED_MODULE Mathlib.Topology.Order.LeftRight
IMPORTED_MODULE Mathlib.Topology.Order.OrderClosed
IMPORTED_MODULE Mathlib.Topology.Order.Basic
IMPORTED_MODULE Mathlib.Topology.Order.LeftRightNhds
IMPORTED_MODULE Mathlib.Topology.Order.IsLUB
IMPORTED_MODULE Mathlib.Topology.Order.DenselyOrdered
IMPORTED_MODULE Mathlib.Topology.MetricSpace.Pseudo.Lemmas
IMPORTED_MODULE Mathlib.Data.ENNReal.Lemmas
IMPORTED_MODULE Mathlib.Topology.UniformSpace.Pi
IMPORTED_MODULE Mathlib.Topology.EMetricSpace.Pi
IMPORTED_MODULE Mathlib.Topology.MetricSpace.Pseudo.Pi
IMPORTED_MODULE Mathlib.Topology.MetricSpace.Defs
IMPORTED_MODULE Mathlib.Topology.MetricSpace.Basic
IMPORTED_MODULE Mathlib.Data.EReal.Basic
IMPORTED_MODULE Mathlib.Order.Interval.Set.OrdConnectedComponent
IMPORTED_MODULE Mathlib.Topology.Order.T5
IMPORTED_MODULE Mathlib.Topology.Order.Real
IMPORTED_MODULE Mathlib.Analysis.Normed.Group.Basic
IMPORTED_MODULE Mathlib.Data.Int.Interval
IMPORTED_MODULE Mathlib.Data.Int.ConditionallyCompleteOrder
IMPORTED_MODULE Mathlib.Order.SuccPred.LinearLocallyFinite
IMPORTED_MODULE Mathlib.Topology.Instances.Discrete
IMPORTED_MODULE Mathlib.Topology.Order.Monotone
IMPORTED_MODULE Mathlib.Topology.Connected.TotallyDisconnected
IMPORTED_MODULE Mathlib.Topology.Order.IntermediateValue
IMPORTED_MODULE Mathlib.Topology.Order.LocalExtr
IMPORTED_MODULE Mathlib.Topology.Order.Compact
IMPORTED_MODULE Mathlib.Topology.MetricSpace.ProperSpace
IMPORTED_MODULE Mathlib.Topology.MetricSpace.Cauchy
IMPORTED_MODULE Mathlib.Topology.EMetricSpace.Diam
IMPORTED_MODULE Mathlib.Topology.MetricSpace.Bounded
IMPORTED_MODULE Mathlib.Order.Filter.AtTopBot.Archimedean
IMPORTED_MODULE Mathlib.Topology.Instances.Int
IMPORTED_MODULE Mathlib.Analysis.Normed.Group.Int
IMPORTED_MODULE Mathlib.Analysis.Normed.Group.Subgroup
IMPORTED_MODULE Mathlib.Data.EReal.Operations
IMPORTED_MODULE Mathlib.Order.Filter.AtTopBot.Ring
IMPORTED_MODULE Mathlib.Order.Filter.AtTopBot.Field
IMPORTED_MODULE Mathlib.Order.Filter.NAry
IMPORTED_MODULE Mathlib.Order.Filter.Pointwise
IMPORTED_MODULE Mathlib.Topology.Algebra.ConstMulAction
IMPORTED_MODULE Mathlib.Topology.Algebra.MulAction
IMPORTED_MODULE Mathlib.Topology.Algebra.Monoid.Defs
IMPORTED_MODULE Mathlib.Topology.Algebra.Monoid
IMPORTED_MODULE Mathlib.Topology.Algebra.GroupWithZero
IMPORTED_MODULE Mathlib.Topology.Algebra.Group.Defs
IMPORTED_MODULE Mathlib.Topology.Connected.LocallyConnected
IMPORTED_MODULE Mathlib.Topology.Homeomorph.Lemmas
IMPORTED_MODULE Mathlib.Topology.Algebra.Group.Basic
IMPORTED_MODULE Mathlib.Topology.Algebra.Group.GroupTopology
IMPORTED_MODULE Mathlib.Topology.Algebra.Ring.Basic
IMPORTED_MODULE Mathlib.Topology.Algebra.Field
IMPORTED_MODULE Mathlib.Topology.Algebra.Order.Group
IMPORTED_MODULE Mathlib.Topology.Algebra.Order.Field
IMPORTED_MODULE Mathlib.Topology.Algebra.IsUniformGroup.Defs
IMPORTED_MODULE Mathlib.Topology.Order.Bornology
IMPORTED_MODULE Mathlib.Topology.Bornology.Real
IMPORTED_MODULE Mathlib.Topology.Order.MonotoneContinuity
IMPORTED_MODULE Mathlib.Topology.ContinuousMap.Basic
IMPORTED_MODULE Mathlib.Topology.UniformSpace.Real
IMPORTED_MODULE Mathlib.Topology.Algebra.Ring.Real
IMPORTED_MODULE Mathlib.Topology.Metrizable.Basic
IMPORTED_MODULE Mathlib.Topology.Metrizable.Uniformity
IMPORTED_MODULE Mathlib.Topology.Defs.Sequences
IMPORTED_MODULE Mathlib.Topology.Sequences
IMPORTED_MODULE Mathlib.Analysis.Normed.Group.Continuity
IMPORTED_MODULE Mathlib.Topology.UniformSpace.CompleteSeparated
IMPORTED_MODULE Mathlib.Topology.Coherent
IMPORTED_MODULE Mathlib.Topology.UniformSpace.Equiv
IMPORTED_MODULE Mathlib.Topology.UniformSpace.UniformApproximation
IMPORTED_MODULE Mathlib.Topology.UniformSpace.UniformConvergenceTopology
IMPORTED_MODULE Mathlib.Topology.UniformSpace.Equicontinuity
IMPORTED_MODULE Mathlib.Topology.UniformSpace.HeineCantor
IMPORTED_MODULE Mathlib.Topology.Algebra.Group.Pointwise
IMPORTED_MODULE Mathlib.Topology.Algebra.Group.Quotient
IMPORTED_MODULE Mathlib.Tactic.TautoSet
IMPORTED_MODULE Mathlib.Topology.DiscreteSubset
IMPORTED_MODULE Mathlib.Topology.Algebra.IsUniformGroup.Basic
IMPORTED_MODULE Mathlib.Topology.Algebra.Module.Basic
IMPORTED_MODULE Mathlib.Topology.Algebra.ContinuousMonoidHom
IMPORTED_MODULE Mathlib.Topology.Algebra.Module.LinearMap
IMPORTED_MODULE Mathlib.Topology.Algebra.SeparationQuotient.Basic
IMPORTED_MODULE Mathlib.Topology.UniformSpace.AbstractCompletion
IMPORTED_MODULE Mathlib.Topology.UniformSpace.Completion
IMPORTED_MODULE Mathlib.Topology.Algebra.UniformMulAction
IMPORTED_MODULE Mathlib.Order.Interval.Set.ProjIcc
IMPORTED_MODULE Mathlib.Topology.Bornology.Hom
IMPORTED_MODULE Mathlib.Topology.EMetricSpace.Lipschitz
IMPORTED_MODULE Mathlib.Order.Interval.Set.Monotone
IMPORTED_MODULE Mathlib.Topology.Filter
IMPORTED_MODULE Mathlib.Topology.Maps.Proper.Basic
IMPORTED_MODULE Mathlib.Topology.MetricSpace.Lipschitz
IMPORTED_MODULE Mathlib.Topology.MetricSpace.Algebra
IMPORTED_MODULE Mathlib.Topology.MetricSpace.Antilipschitz
IMPORTED_MODULE Mathlib.Topology.MetricSpace.Isometry
IMPORTED_MODULE Mathlib.Topology.MetricSpace.IsometricSMul
IMPORTED_MODULE Mathlib.Analysis.Normed.Group.Uniform
IMPORTED_MODULE Mathlib.Analysis.Normed.Group.Hom
IMPORTED_MODULE Mathlib.Analysis.Normed.Group.Constructions
IMPORTED_MODULE Mathlib.Analysis.Normed.Group.Submodule
IMPORTED_MODULE Mathlib.Analysis.Normed.Ring.Basic
IMPORTED_MODULE Mathlib.Analysis.Normed.Field.Basic
IMPORTED_MODULE Mathlib.Algebra.Group.Subgroup.Order
IMPORTED_MODULE Mathlib.GroupTheory.Archimedean
IMPORTED_MODULE Mathlib.Topology.Algebra.Order.Archimedean
IMPORTED_MODULE Mathlib.Topology.Instances.Nat
IMPORTED_MODULE Mathlib.Topology.Instances.Rat
IMPORTED_MODULE Mathlib.Analysis.Normed.Group.Rat
IMPORTED_MODULE Mathlib.Algebra.Group.AddChar
IMPORTED_MODULE Mathlib.Algebra.Order.GroupWithZero.Finset
IMPORTED_MODULE Mathlib.Analysis.Normed.Group.Bounded
IMPORTED_MODULE Mathlib.Topology.MetricSpace.Dilation
IMPORTED_MODULE Mathlib.Analysis.Normed.Ring.Lemmas
IMPORTED_MODULE Mathlib.Topology.MetricSpace.DilationEquiv
IMPORTED_MODULE Mathlib.Analysis.Normed.Field.Lemmas
IMPORTED_MODULE Mathlib.Data.ENNReal.Action
IMPORTED_MODULE Mathlib.Analysis.Normed.MulAction
IMPORTED_MODULE Mathlib.Analysis.Normed.Module.Basic
IMPORTED_MODULE Mathlib.Topology.Algebra.Module.LinearMapPiProd
IMPORTED_MODULE Mathlib.Topology.Algebra.Module.Equiv
IMPORTED_MODULE Mathlib.Analysis.Normed.Operator.LinearIsometry
IMPORTED_MODULE Mathlib.Algebra.Star.Prod
IMPORTED_MODULE Mathlib.Algebra.Star.StarAlgHom
IMPORTED_MODULE Mathlib.Algebra.Star.Pointwise
IMPORTED_MODULE Mathlib.Algebra.Star.Center
IMPORTED_MODULE Mathlib.Algebra.Star.NonUnitalSubalgebra
IMPORTED_MODULE Mathlib.Algebra.Star.Subalgebra
IMPORTED_MODULE Mathlib.Algebra.Algebra.Spectrum.Basic
IMPORTED_MODULE Mathlib.Algebra.Star.Unitary
IMPORTED_MODULE Mathlib.Data.Real.Star
IMPORTED_MODULE Mathlib.Topology.Algebra.Star
IMPORTED_MODULE Mathlib.Topology.Algebra.Module.Star
IMPORTED_MODULE Mathlib.Analysis.CStarAlgebra.Basic
IMPORTED_MODULE Mathlib.Analysis.Normed.Operator.ContinuousLinearMap
IMPORTED_MODULE Mathlib.Logic.Encodable.Lattice
IMPORTED_MODULE Mathlib.Order.Filter.AtTopBot.Finset
IMPORTED_MODULE Mathlib.Algebra.BigOperators.Group.Finset.Indicator
IMPORTED_MODULE Mathlib.Order.Filter.AtTopBot.BigOperators
IMPORTED_MODULE Mathlib.Topology.Algebra.InfiniteSum.Defs
IMPORTED_MODULE Mathlib.Topology.Algebra.InfiniteSum.Basic
IMPORTED_MODULE Mathlib.Topology.Algebra.InfiniteSum.Group
IMPORTED_MODULE Mathlib.Topology.Algebra.InfiniteSum.NatInt
IMPORTED_MODULE Mathlib.Topology.Order.MonotoneConvergence
IMPORTED_MODULE Mathlib.Topology.Algebra.InfiniteSum.Order
IMPORTED_MODULE Mathlib.Topology.Algebra.InfiniteSum.Constructions
IMPORTED_MODULE Mathlib.Topology.Algebra.InfiniteSum.Ring
IMPORTED_MODULE Mathlib.Topology.Instances.NNReal.Lemmas
IMPORTED_MODULE Mathlib.Data.Real.Sqrt
IMPORTED_MODULE Mathlib.Analysis.RCLike.Basic
IMPORTED_MODULE Mathlib.Data.Complex.Basic
IMPORTED_MODULE Mathlib.Data.Complex.BigOperators
IMPORTED_MODULE Mathlib.Algebra.CharP.Invertible
IMPORTED_MODULE Mathlib.Data.Complex.Module
IMPORTED_MODULE Mathlib.Data.Complex.Norm
IMPORTED_MODULE Mathlib.Data.Complex.Order
IMPORTED_MODULE Mathlib.Topology.Algebra.InfiniteSum.Field
IMPORTED_MODULE Mathlib.Topology.Algebra.InfiniteSum.Module
IMPORTED_MODULE Mathlib.Topology.Instances.RealVectorSpace
IMPORTED_MODULE Mathlib.Data.Rat.Encodable
IMPORTED_MODULE Mathlib.Topology.MetricSpace.ProperSpace.Real
IMPORTED_MODULE Mathlib.Analysis.Complex.Basic
IMPORTED_MODULE Mathlib.Algebra.QuadraticDiscriminant
IMPORTED_MODULE Mathlib.Analysis.InnerProductSpace.Defs
IMPORTED_MODULE Mathlib.Analysis.InnerProductSpace.Basic
IMPORTED_MODULE Mathlib.GroupTheory.GroupAction.Pointwise
IMPORTED_MODULE Mathlib.Analysis.Convex.Hull
IMPORTED_MODULE Mathlib.Topology.Bornology.Absorbs
IMPORTED_MODULE Mathlib.Analysis.LocallyConvex.Basic
IMPORTED_MODULE Mathlib.Analysis.LocallyConvex.BalancedCoreHull
IMPORTED_MODULE Mathlib.Analysis.Convex.Function
IMPORTED_MODULE Mathlib.Analysis.Seminorm
IMPORTED_MODULE Mathlib.Analysis.LocallyConvex.Bounded
IMPORTED_MODULE Mathlib.Topology.Algebra.UniformConvergence
IMPORTED_MODULE Mathlib.Topology.Algebra.Equicontinuity
IMPORTED_MODULE Mathlib.Topology.MetricSpace.Equicontinuity
IMPORTED_MODULE Mathlib.Topology.Algebra.FilterBasis
IMPORTED_MODULE Mathlib.Tactic.ProxyType
IMPORTED_MODULE Mathlib.Tactic.DeriveFintype
IMPORTED_MODULE Mathlib.Data.Sign
IMPORTED_MODULE Mathlib.LinearAlgebra.AffineSpace.AffineSubspace.Basic
IMPORTED_MODULE Mathlib.LinearAlgebra.AffineSpace.Combination
IMPORTED_MODULE Mathlib.LinearAlgebra.AffineSpace.Independent
IMPORTED_MODULE Mathlib.LinearAlgebra.AffineSpace.Pointwise
IMPORTED_MODULE Mathlib.LinearAlgebra.AffineSpace.Basis
IMPORTED_MODULE Mathlib.Analysis.Convex.Combination
IMPORTED_MODULE Mathlib.Analysis.Convex.Strict
IMPORTED_MODULE Mathlib.Topology.Algebra.Affine
IMPORTED_MODULE Mathlib.Topology.Order.ProjIcc
IMPORTED_MODULE Mathlib.Topology.Hom.ContinuousEvalConst
IMPORTED_MODULE Mathlib.Topology.Hom.ContinuousEval
IMPORTED_MODULE Mathlib.Topology.CompactOpen
IMPORTED_MODULE Mathlib.Algebra.Order.Interval.Set.Instances
IMPORTED_MODULE Mathlib.Topology.UnitInterval
IMPORTED_MODULE Mathlib.Topology.Path
IMPORTED_MODULE Mathlib.Topology.Connected.PathConnected
IMPORTED_MODULE Mathlib.Analysis.Convex.Topology
IMPORTED_MODULE Mathlib.Topology.Connected.LocPathConnected
IMPORTED_MODULE Mathlib.Topology.Algebra.Module.LocallyConvex
IMPORTED_MODULE Mathlib.Analysis.LocallyConvex.WithSeminorms
IMPORTED_MODULE Mathlib.Topology.Algebra.Module.UniformConvergence
IMPORTED_MODULE Mathlib.Topology.Algebra.SeparationQuotient.Section
IMPORTED_MODULE Mathlib.Topology.Algebra.Module.StrongTopology
IMPORTED_MODULE Mathlib.Analysis.NormedSpace.OperatorNorm.Basic
IMPORTED_MODULE Mathlib.Analysis.NormedSpace.OperatorNorm.Bilinear
IMPORTED_MODULE Mathlib.Analysis.NormedSpace.OperatorNorm.NNNorm
IMPORTED_MODULE Mathlib.Analysis.Normed.Module.Span
IMPORTED_MODULE Mathlib.Analysis.NormedSpace.OperatorNorm.NormedSpace
IMPORTED_MODULE Mathlib.Logic.Equiv.Embedding
IMPORTED_MODULE Mathlib.Data.Fintype.CardEmbedding
IMPORTED_MODULE Mathlib.Topology.Algebra.Module.Multilinear.Basic
IMPORTED_MODULE Mathlib.Topology.Algebra.Module.Multilinear.Bounded
IMPORTED_MODULE Mathlib.Topology.Algebra.Module.Multilinear.Topology
IMPORTED_MODULE Mathlib.Analysis.NormedSpace.Multilinear.Basic
IMPORTED_MODULE Mathlib.Algebra.BigOperators.Module
IMPORTED_MODULE Mathlib.Algebra.Order.Field.Power
IMPORTED_MODULE Mathlib.Analysis.Asymptotics.Defs
IMPORTED_MODULE Mathlib.Analysis.Normed.Group.InfiniteSum
IMPORTED_MODULE Mathlib.Algebra.Order.Group.DenselyOrdered
IMPORTED_MODULE Mathlib.Order.Filter.IsBounded
IMPORTED_MODULE Mathlib.Order.LiminfLimsup
IMPORTED_MODULE Mathlib.Topology.Algebra.Order.LiminfLimsup
IMPORTED_MODULE Mathlib.Logic.Equiv.PartialEquiv
IMPORTED_MODULE Mathlib.Topology.Compactness.Bases
IMPORTED_MODULE Mathlib.Order.Copy
IMPORTED_MODULE Mathlib.Topology.Sets.Opens
IMPORTED_MODULE Mathlib.Topology.PartialHomeomorph
IMPORTED_MODULE Mathlib.Analysis.Asymptotics.Lemmas
IMPORTED_MODULE Mathlib.Algebra.BigOperators.WithTop
IMPORTED_MODULE Mathlib.Data.ENNReal.BigOperators
IMPORTED_MODULE Mathlib.Topology.MetricSpace.Pseudo.Real
IMPORTED_MODULE Mathlib.Topology.Instances.ENNReal.Lemmas
IMPORTED_MODULE Mathlib.Topology.Algebra.InfiniteSum.Real
IMPORTED_MODULE Mathlib.Analysis.Normed.Ring.InfiniteSum
IMPORTED_MODULE Mathlib.Topology.Algebra.Algebra
IMPORTED_MODULE Mathlib.Data.EReal.Inv
IMPORTED_MODULE Mathlib.Topology.Semicontinuous
IMPORTED_MODULE Mathlib.Topology.Instances.EReal.Lemmas
IMPORTED_MODULE Mathlib.Analysis.SpecificLimits.Basic
IMPORTED_MODULE Mathlib.Data.Nat.Choose.Bounds
IMPORTED_MODULE Mathlib.Order.Filter.AtTopBot.ModEq
IMPORTED_MODULE Mathlib.RingTheory.Polynomial.Pochhammer
IMPORTED_MODULE Mathlib.Analysis.SpecificLimits.Normed
IMPORTED_MODULE Mathlib.Topology.Algebra.Ring.Ideal
IMPORTED_MODULE Mathlib.Analysis.Normed.Ring.Units
IMPORTED_MODULE Mathlib.Analysis.NormedSpace.OperatorNorm.Completeness
IMPORTED_MODULE Mathlib.Analysis.NormedSpace.OperatorNorm.Mul
IMPORTED_MODULE Mathlib.Analysis.Normed.Operator.BoundedLinearMaps
IMPORTED_MODULE Mathlib.Analysis.InnerProductSpace.Continuous
IMPORTED_MODULE Mathlib.Analysis.InnerProductSpace.LinearMap
IMPORTED_MODULE Mathlib.Analysis.InnerProductSpace.Orthonormal
IMPORTED_MODULE Mathlib.Analysis.InnerProductSpace.Subspace
IMPORTED_MODULE Mathlib.Analysis.InnerProductSpace.Orthogonal
IMPORTED_MODULE Mathlib.Topology.GDelta.Basic
IMPORTED_MODULE Mathlib.Topology.Baire.Lemmas
IMPORTED_MODULE Mathlib.Topology.Baire.CompleteMetrizable
IMPORTED_MODULE Mathlib.Analysis.Normed.Group.AddTorsor
IMPORTED_MODULE Mathlib.LinearAlgebra.AffineSpace.Restrict
IMPORTED_MODULE Mathlib.Analysis.Normed.Affine.Isometry
IMPORTED_MODULE Mathlib.Analysis.Normed.Operator.Banach
IMPORTED_MODULE Mathlib.Analysis.InnerProductSpace.Symmetric
IMPORTED_MODULE Mathlib.Topology.MetricSpace.HausdorffDistance
IMPORTED_MODULE Mathlib.Topology.MetricSpace.Thickening
IMPORTED_MODULE Mathlib.Analysis.Normed.Group.Pointwise
IMPORTED_MODULE Mathlib.Analysis.NormedSpace.Real
IMPORTED_MODULE Mathlib.Analysis.NormedSpace.Pointwise
IMPORTED_MODULE Mathlib.Analysis.NormedSpace.RCLike
IMPORTED_MODULE Mathlib.Analysis.Asymptotics.Theta
IMPORTED_MODULE Mathlib.Analysis.Asymptotics.AsymptoticEquivalent
IMPORTED_MODULE Mathlib.Analysis.Normed.Group.Lemmas
IMPORTED_MODULE Mathlib.Analysis.Normed.Affine.AddTorsor
IMPORTED_MODULE Mathlib.Analysis.NormedSpace.RieszLemma
IMPORTED_MODULE Mathlib.LinearAlgebra.FreeModule.Finite.Matrix
IMPORTED_MODULE Mathlib.Topology.Algebra.Module.Determinant
IMPORTED_MODULE Mathlib.LinearAlgebra.Finsupp.Span
IMPORTED_MODULE Mathlib.Order.Atoms.Finite
IMPORTED_MODULE Mathlib.Order.CompactlyGenerated.Intervals
IMPORTED_MODULE Mathlib.Control.Bifunctor
IMPORTED_MODULE Mathlib.Logic.Equiv.Functor
IMPORTED_MODULE Mathlib.Order.RelSeries
IMPORTED_MODULE Mathlib.Order.JordanHolder
IMPORTED_MODULE Mathlib.RingTheory.Ideal.Colon
IMPORTED_MODULE Mathlib.RingTheory.SimpleModule.Basic
IMPORTED_MODULE Mathlib.Topology.Algebra.Module.Simple
IMPORTED_MODULE Mathlib.Topology.Algebra.Module.FiniteDimension
IMPORTED_MODULE Mathlib.Topology.Instances.Matrix
IMPORTED_MODULE Mathlib.Analysis.Normed.Module.FiniteDimension
IMPORTED_MODULE Mathlib.Analysis.RCLike.Lemmas
IMPORTED_MODULE Mathlib.Algebra.DirectSum.Decomposition
IMPORTED_MODULE Mathlib.Analysis.InnerProductSpace.Projection
IMPORTED_MODULE Mathlib.Analysis.Convex.Jensen
IMPORTED_MODULE Mathlib.Analysis.Convex.Slope
IMPORTED_MODULE Mathlib.Data.ZMod.IntUnitsPower
IMPORTED_MODULE Mathlib.Algebra.Ring.NegOnePow
IMPORTED_MODULE Mathlib.Algebra.Field.NegOnePow
IMPORTED_MODULE Mathlib.Algebra.Ring.Periodic
IMPORTED_MODULE Mathlib.Algebra.Field.Periodic
IMPORTED_MODULE Mathlib.Analysis.Complex.Asymptotics
IMPORTED_MODULE Mathlib.Algebra.Order.CauSeq.BigOperators
IMPORTED_MODULE Mathlib.Data.Complex.Exponential
IMPORTED_MODULE Mathlib.Data.Complex.Trigonometric
IMPORTED_MODULE Mathlib.Analysis.SpecialFunctions.Exp
IMPORTED_MODULE Mathlib.Analysis.SpecialFunctions.Trigonometric.Basic
IMPORTED_MODULE Mathlib.Analysis.Normed.Group.Quotient
IMPORTED_MODULE Mathlib.Algebra.ModEq
IMPORTED_MODULE Mathlib.Data.Int.SuccPred
IMPORTED_MODULE Mathlib.Tactic.Order.CollectFacts
IMPORTED_MODULE Mathlib.Tactic.Order.Preprocessing
IMPORTED_MODULE Mathlib.Tactic.Order.Graph.Basic
IMPORTED_MODULE Mathlib.Tactic.Order.Graph.Tarjan
IMPORTED_MODULE Mathlib.Tactic.Order
IMPORTED_MODULE Mathlib.Order.Circular
IMPORTED_MODULE Mathlib.Algebra.Order.ToIntervalMod
IMPORTED_MODULE Mathlib.Algebra.Group.Units.Opposite
IMPORTED_MODULE Mathlib.Algebra.Ring.AddAut
IMPORTED_MODULE Mathlib.Data.Nat.Cast.Field
IMPORTED_MODULE Mathlib.NumberTheory.Padics.PadicVal.Defs
IMPORTED_MODULE Mathlib.Data.Nat.Factorization.Defs
IMPORTED_MODULE Mathlib.Data.Nat.Factorization.Basic
IMPORTED_MODULE Mathlib.Data.Nat.Factorization.Induction
IMPORTED_MODULE Mathlib.Algebra.Group.Nat.Range
IMPORTED_MODULE Mathlib.Data.Nat.Count
IMPORTED_MODULE Mathlib.Data.Nat.Periodic
IMPORTED_MODULE Mathlib.Data.Nat.Totient
IMPORTED_MODULE Mathlib.GroupTheory.Divisible
IMPORTED_MODULE Mathlib.Topology.SeparatedMap
IMPORTED_MODULE Mathlib.Topology.IsLocalHomeomorph
IMPORTED_MODULE Mathlib.Topology.Instances.ZMultiples
IMPORTED_MODULE Mathlib.Topology.Instances.AddCircle
IMPORTED_MODULE Mathlib.Analysis.Normed.Group.AddCircle
IMPORTED_MODULE Mathlib.Algebra.CharZero.Quotient
IMPORTED_MODULE Mathlib.Topology.Instances.Sign
IMPORTED_MODULE Mathlib.Analysis.SpecialFunctions.Trigonometric.Angle
IMPORTED_MODULE Mathlib.Analysis.SpecialFunctions.Trigonometric.Inverse
IMPORTED_MODULE Mathlib.Analysis.SpecialFunctions.Complex.Arg
IMPORTED_MODULE Mathlib.Analysis.SpecialFunctions.Log.Basic
IMPORTED_MODULE Mathlib.Analysis.SpecialFunctions.Complex.Log
IMPORTED_MODULE Mathlib.Analysis.SpecialFunctions.Pow.Complex
IMPORTED_MODULE Mathlib.Analysis.SpecialFunctions.Pow.Real
IMPORTED_MODULE Mathlib.Analysis.Convex.SpecificFunctions.Basic
IMPORTED_MODULE Mathlib.Analysis.SpecialFunctions.Pow.NNReal
IMPORTED_MODULE Mathlib.Data.ENNReal.Holder
IMPORTED_MODULE Mathlib.Data.Real.ConjExponents
IMPORTED_MODULE Mathlib.Analysis.MeanInequalities
IMPORTED_MODULE Mathlib.Data.Fintype.Order
IMPORTED_MODULE Mathlib.Analysis.Normed.Lp.WithLp
IMPORTED_MODULE Mathlib.Analysis.Normed.Lp.ProdLp
IMPORTED_MODULE Mathlib.Analysis.Normed.Lp.PiLp
IMPORTED_MODULE Mathlib.LinearAlgebra.UnitaryGroup
IMPORTED_MODULE Mathlib.Util.Superscript
IMPORTED_MODULE Mathlib.Analysis.InnerProductSpace.PiL2
IMPORTED_MODULE HoffmanChromatic.Targets
IMPORTED_MODULE HoffmanChromatic.EuclideanBridge
IMPORTED_MODULE HoffmanChromatic.NewtonData
IMPORTED_MODULE Mathlib.Algebra.Field.ZMod
IMPORTED_MODULE HoffmanChromatic.SphericalLayer
IMPORTED_MODULE Mathlib.RingTheory.PowerSeries.WellKnown
IMPORTED_MODULE HoffmanChromatic.SeriesBridge
IMPORTED_MODULE HoffmanChromatic.CoordinateFactor
IMPORTED_MODULE HoffmanChromatic.FiniteBound
IMPORTED_MODULE HoffmanChromatic.Alphabets
IMPORTED_MODULE HoffmanChromatic.CoefficientEstimates
IMPORTED_MODULE Mathlib.Data.Nat.Factorial.BigOperators
IMPORTED_MODULE Mathlib.Data.Nat.Factorial.DoubleFactorial
IMPORTED_MODULE Mathlib.Data.Nat.Choose.Multinomial
IMPORTED_MODULE HoffmanChromatic.MultinomialCount
IMPORTED_MODULE Mathlib.Analysis.SpecialFunctions.Pow.Asymptotics
IMPORTED_MODULE Mathlib.Analysis.SpecialFunctions.Pow.Continuity
IMPORTED_MODULE Mathlib.Analysis.SumOverResidueClass
IMPORTED_MODULE Mathlib.Analysis.PSeries
IMPORTED_MODULE Mathlib.Analysis.Calculus.TangentCone
IMPORTED_MODULE Mathlib.Analysis.NormedSpace.OperatorNorm.Asymptotics
IMPORTED_MODULE Mathlib.Analysis.Convex.EGauge
IMPORTED_MODULE Mathlib.Tactic.Peel
IMPORTED_MODULE Mathlib.Analysis.Asymptotics.TVS
IMPORTED_MODULE Mathlib.Analysis.Calculus.FDeriv.Basic
IMPORTED_MODULE Mathlib.Analysis.Calculus.Deriv.Basic
IMPORTED_MODULE Mathlib.Analysis.NormedSpace.Multilinear.Curry
IMPORTED_MODULE Mathlib.Analysis.Calculus.FormalMultilinearSeries
IMPORTED_MODULE Mathlib.Analysis.Analytic.Basic
IMPORTED_MODULE Mathlib.Analysis.Analytic.Composition
IMPORTED_MODULE Mathlib.Analysis.Analytic.ChangeOrigin
IMPORTED_MODULE Mathlib.Analysis.Analytic.CPolynomialDef
IMPORTED_MODULE Mathlib.Analysis.Analytic.Linear
IMPORTED_MODULE Mathlib.Analysis.Analytic.OfScalars
IMPORTED_MODULE Mathlib.Analysis.Analytic.Constructions
IMPORTED_MODULE Mathlib.Analysis.Analytic.CPolynomial
IMPORTED_MODULE Mathlib.Tactic.Positivity.Finset
IMPORTED_MODULE Mathlib.Tactic.Positivity
IMPORTED_MODULE Mathlib.Analysis.Analytic.Inverse
IMPORTED_MODULE Mathlib.Analysis.Analytic.Within
IMPORTED_MODULE Mathlib.Analysis.Calculus.FDeriv.Linear
IMPORTED_MODULE Mathlib.Analysis.Calculus.FDeriv.Comp
IMPORTED_MODULE Mathlib.Analysis.Calculus.FDeriv.Add
IMPORTED_MODULE Mathlib.Analysis.Calculus.FDeriv.Equiv
IMPORTED_MODULE Mathlib.Analysis.Calculus.ContDiff.FTaylorSeries
IMPORTED_MODULE Mathlib.Analysis.Calculus.FDeriv.Prod
IMPORTED_MODULE Mathlib.Topology.Algebra.GroupCompletion
IMPORTED_MODULE Mathlib.Topology.MetricSpace.Completion
IMPORTED_MODULE Mathlib.Analysis.Normed.Group.Completion
IMPORTED_MODULE Mathlib.Topology.Algebra.UniformRing
IMPORTED_MODULE Mathlib.Topology.Algebra.UniformField
IMPORTED_MODULE Mathlib.Analysis.Normed.Module.Completion
IMPORTED_MODULE Mathlib.Analysis.Calculus.FDeriv.Analytic
IMPORTED_MODULE Mathlib.Analysis.Calculus.FDeriv.Bilinear
IMPORTED_MODULE Mathlib.Analysis.Calculus.FDeriv.Mul
IMPORTED_MODULE Mathlib.Analysis.Calculus.Deriv.Mul
IMPORTED_MODULE Mathlib.Analysis.Calculus.FDeriv.RestrictScalars
IMPORTED_MODULE Mathlib.Analysis.Calculus.Deriv.Comp
IMPORTED_MODULE Mathlib.Analysis.Calculus.Deriv.Pow
IMPORTED_MODULE Mathlib.Analysis.Calculus.Deriv.Inv
IMPORTED_MODULE Mathlib.Analysis.Calculus.Deriv.ZPow
IMPORTED_MODULE Mathlib.Analysis.Calculus.LogDeriv
IMPORTED_MODULE Mathlib.Analysis.Calculus.ContDiff.Defs
IMPORTED_MODULE Mathlib.Analysis.Calculus.Deriv.Add
IMPORTED_MODULE Mathlib.Analysis.Calculus.Deriv.Linear
IMPORTED_MODULE Mathlib.Analysis.Calculus.Deriv.AffineMap
IMPORTED_MODULE Mathlib.LinearAlgebra.AffineSpace.Slope
IMPORTED_MODULE Mathlib.Analysis.Calculus.Deriv.Slope
IMPORTED_MODULE Mathlib.Analysis.Normed.Module.Convex
IMPORTED_MODULE Mathlib.Topology.Sets.Closeds
IMPORTED_MODULE Mathlib.Topology.LocallyConstant.Basic
IMPORTED_MODULE Mathlib.Analysis.Calculus.MeanValue
IMPORTED_MODULE Mathlib.Analysis.Calculus.ContDiff.RCLike
IMPORTED_MODULE Mathlib.Analysis.Calculus.ContDiff.FaaDiBruno
IMPORTED_MODULE Mathlib.Analysis.Calculus.ContDiff.Basic
IMPORTED_MODULE Mathlib.Analysis.Calculus.Deriv.Inverse
IMPORTED_MODULE Mathlib.Analysis.Calculus.ContDiff.Operations
IMPORTED_MODULE Mathlib.Analysis.Calculus.Deriv.Shift
IMPORTED_MODULE Mathlib.Analysis.Calculus.IteratedDeriv.Defs
IMPORTED_MODULE Mathlib.Analysis.Calculus.IteratedDeriv.Lemmas
IMPORTED_MODULE Mathlib.Analysis.Complex.RealDeriv
IMPORTED_MODULE Mathlib.Algebra.Ring.Action.ConjAct
IMPORTED_MODULE Mathlib.Data.Nat.Factorial.Cast
IMPORTED_MODULE Mathlib.Data.Nat.Choose.Cast
IMPORTED_MODULE Mathlib.Analysis.SpecificLimits.RCLike
IMPORTED_MODULE Mathlib.Analysis.Normed.Algebra.Exponential
IMPORTED_MODULE Mathlib.Topology.MetricSpace.CauSeqFilter
IMPORTED_MODULE Mathlib.Analysis.SpecialFunctions.Exponential
IMPORTED_MODULE Mathlib.Analysis.SpecialFunctions.ExpDeriv
IMPORTED_MODULE Mathlib.Analysis.SpecialFunctions.Log.Deriv
IMPORTED_MODULE Mathlib.Analysis.Calculus.LocalExtr.Basic
IMPORTED_MODULE Mathlib.Topology.ExtendFrom
IMPORTED_MODULE Mathlib.Topology.Order.ExtendFrom
IMPORTED_MODULE Mathlib.Topology.Order.Rolle
IMPORTED_MODULE Mathlib.Analysis.Calculus.LocalExtr.Rolle
IMPORTED_MODULE Mathlib.Analysis.Calculus.Deriv.MeanValue
IMPORTED_MODULE Mathlib.Analysis.Convex.Deriv
IMPORTED_MODULE Mathlib.Analysis.SpecialFunctions.Log.NegMulLog
IMPORTED_MODULE Mathlib.Data.Finset.Update
IMPORTED_MODULE Mathlib.Data.Prod.TProd
IMPORTED_MODULE Mathlib.Tactic.Measurability.Init
IMPORTED_MODULE Mathlib.Tactic.Measurability
IMPORTED_MODULE Mathlib.MeasureTheory.MeasurableSpace.Defs
IMPORTED_MODULE Mathlib.MeasureTheory.MeasurableSpace.Basic
IMPORTED_MODULE Mathlib.GroupTheory.GroupAction.IterateAct
IMPORTED_MODULE Mathlib.MeasureTheory.MeasurableSpace.Instances
IMPORTED_MODULE Mathlib.Order.Disjointed
IMPORTED_MODULE Mathlib.MeasureTheory.MeasurableSpace.Constructions
IMPORTED_MODULE Mathlib.MeasureTheory.MeasurableSpace.Embedding
IMPORTED_MODULE Mathlib.MeasureTheory.MeasurableSpace.MeasurablyGenerated
IMPORTED_MODULE Mathlib.MeasureTheory.MeasurableSpace.EventuallyMeasurable
IMPORTED_MODULE Mathlib.Algebra.Order.Group.Indicator
IMPORTED_MODULE Mathlib.MeasureTheory.OuterMeasure.Defs
IMPORTED_MODULE Mathlib.MeasureTheory.OuterMeasure.Basic
IMPORTED_MODULE Mathlib.MeasureTheory.OuterMeasure.Operations
IMPORTED_MODULE Mathlib.MeasureTheory.OuterMeasure.OfFunction
IMPORTED_MODULE Mathlib.MeasureTheory.PiSystem
IMPORTED_MODULE Mathlib.MeasureTheory.OuterMeasure.Caratheodory
IMPORTED_MODULE Mathlib.MeasureTheory.OuterMeasure.Induced
IMPORTED_MODULE Mathlib.MeasureTheory.OuterMeasure.AE
IMPORTED_MODULE Mathlib.MeasureTheory.Measure.MeasureSpaceDef
IMPORTED_MODULE Mathlib.MeasureTheory.Measure.AEDisjoint
IMPORTED_MODULE Mathlib.MeasureTheory.Measure.NullMeasurable
IMPORTED_MODULE Mathlib.MeasureTheory.Measure.MeasureSpace
IMPORTED_MODULE Mathlib.MeasureTheory.Measure.Map
IMPORTED_MODULE Mathlib.MeasureTheory.Measure.Comap
IMPORTED_MODULE Mathlib.MeasureTheory.Measure.AbsolutelyContinuous
IMPORTED_MODULE Mathlib.MeasureTheory.OuterMeasure.BorelCantelli
IMPORTED_MODULE Mathlib.MeasureTheory.Measure.QuasiMeasurePreserving
IMPORTED_MODULE Mathlib.MeasureTheory.Measure.Restrict
IMPORTED_MODULE Mathlib.MeasureTheory.Measure.Typeclasses.Finite
IMPORTED_MODULE Mathlib.MeasureTheory.Measure.Typeclasses.SFinite
IMPORTED_MODULE Mathlib.MeasureTheory.Measure.Trim
IMPORTED_MODULE Mathlib.Data.Set.MemPartition
IMPORTED_MODULE Mathlib.Order.Filter.CountableSeparatingOn
IMPORTED_MODULE Mathlib.MeasureTheory.MeasurableSpace.CountablyGenerated
IMPORTED_MODULE Mathlib.MeasureTheory.Measure.AEMeasurable
IMPORTED_MODULE Mathlib.MeasureTheory.Group.Arithmetic
IMPORTED_MODULE Mathlib.Topology.GDelta.UniformSpace
IMPORTED_MODULE Mathlib.MeasureTheory.Constructions.BorelSpace.Basic
IMPORTED_MODULE Mathlib.MeasureTheory.Constructions.BorelSpace.ContinuousLinearMap
IMPORTED_MODULE Mathlib.MeasureTheory.Function.AEMeasurableSequence
IMPORTED_MODULE Mathlib.MeasureTheory.Order.Lattice
IMPORTED_MODULE Mathlib.Topology.Order.Lattice
IMPORTED_MODULE Mathlib.MeasureTheory.Constructions.BorelSpace.Order
IMPORTED_MODULE Mathlib.MeasureTheory.Function.SimpleFunc
IMPORTED_MODULE Mathlib.MeasureTheory.Constructions.BorelSpace.Metric
IMPORTED_MODULE Mathlib.MeasureTheory.MeasurableSpace.Prod
IMPORTED_MODULE Mathlib.MeasureTheory.Measure.Typeclasses.NoAtoms
IMPORTED_MODULE Mathlib.Topology.Instances.Real.Lemmas
IMPORTED_MODULE Mathlib.MeasureTheory.Constructions.BorelSpace.Real
IMPORTED_MODULE Mathlib.Topology.Metrizable.Real
IMPORTED_MODULE Mathlib.Topology.IndicatorConstPointwise
IMPORTED_MODULE Mathlib.MeasureTheory.Constructions.BorelSpace.Metrizable
IMPORTED_MODULE Mathlib.MeasureTheory.Function.SimpleFuncDense
IMPORTED_MODULE Mathlib.MeasureTheory.Function.StronglyMeasurable.Basic
IMPORTED_MODULE Mathlib.MeasureTheory.Function.StronglyMeasurable.AEStronglyMeasurable
IMPORTED_MODULE Mathlib.Analysis.Calculus.FDeriv.Measurable
IMPORTED_MODULE Mathlib.Topology.Algebra.Module.WeakBilin
IMPORTED_MODULE Mathlib.Analysis.LocallyConvex.Polar
IMPORTED_MODULE Mathlib.Analysis.Convex.Cone.Basic
IMPORTED_MODULE Mathlib.Analysis.Convex.Cone.Extension
IMPORTED_MODULE Mathlib.Analysis.NormedSpace.Extend
IMPORTED_MODULE Mathlib.Analysis.NormedSpace.HahnBanach.Extension
IMPORTED_MODULE Mathlib.Analysis.Convex.TotallyBounded
IMPORTED_MODULE Mathlib.Analysis.LocallyConvex.AbsConvex
IMPORTED_MODULE Mathlib.Analysis.Normed.Module.Dual
IMPORTED_MODULE Mathlib.MeasureTheory.Integral.Lebesgue.Basic
IMPORTED_MODULE Mathlib.MeasureTheory.Integral.Lebesgue.Add
IMPORTED_MODULE Mathlib.MeasureTheory.Integral.Lebesgue.Markov
IMPORTED_MODULE Mathlib.MeasureTheory.Integral.Lebesgue.Sub
IMPORTED_MODULE Mathlib.MeasureTheory.Integral.Lebesgue.DominatedConvergence
IMPORTED_MODULE Mathlib.MeasureTheory.Integral.Lebesgue.Norm
IMPORTED_MODULE Mathlib.Order.Filter.Subsingleton
IMPORTED_MODULE Mathlib.Order.Filter.EventuallyConst
IMPORTED_MODULE Mathlib.Dynamics.Ergodic.MeasurePreserving
IMPORTED_MODULE Mathlib.MeasureTheory.Integral.Lebesgue.Map
IMPORTED_MODULE Mathlib.MeasureTheory.Measure.MutuallySingular
IMPORTED_MODULE Mathlib.MeasureTheory.Measure.Typeclasses.Probability
IMPORTED_MODULE Mathlib.MeasureTheory.Measure.Dirac
IMPORTED_MODULE Mathlib.Data.Real.ENatENNReal
IMPORTED_MODULE Mathlib.Topology.Algebra.InfiniteSum.ENNReal
IMPORTED_MODULE Mathlib.MeasureTheory.Measure.Count
IMPORTED_MODULE Mathlib.MeasureTheory.Integral.Lebesgue.Countable
IMPORTED_MODULE Mathlib.MeasureTheory.Measure.Decomposition.Exhaustion
IMPORTED_MODULE Mathlib.MeasureTheory.Measure.GiryMonad
IMPORTED_MODULE Mathlib.MeasureTheory.Measure.OpenPos
IMPORTED_MODULE Mathlib.MeasureTheory.Measure.Prod
IMPORTED_MODULE Mathlib.MeasureTheory.Measure.WithDensity
IMPORTED_MODULE Mathlib.MeasureTheory.Function.L1Space.HasFiniteIntegral
IMPORTED_MODULE Mathlib.Analysis.Normed.Order.Lattice
IMPORTED_MODULE Mathlib.MeasureTheory.Function.Egorov
IMPORTED_MODULE Mathlib.Analysis.NormedSpace.IndicatorFunction
IMPORTED_MODULE Mathlib.Order.Filter.Germ.Basic
IMPORTED_MODULE Mathlib.Topology.UniformSpace.CompactConvergence
IMPORTED_MODULE Mathlib.Topology.ContinuousMap.Algebra
IMPORTED_MODULE Mathlib.MeasureTheory.Function.AEEqFun
IMPORTED_MODULE Mathlib.Order.Filter.ENNReal
IMPORTED_MODULE Mathlib.Probability.ConditionalProbability
IMPORTED_MODULE Mathlib.Probability.UniformOn
IMPORTED_MODULE Mathlib.MeasureTheory.Function.EssSup
IMPORTED_MODULE Mathlib.MeasureTheory.Function.LpSeminorm.Defs
IMPORTED_MODULE Mathlib.MeasureTheory.Constructions.BorelSpace.Complex
IMPORTED_MODULE Mathlib.MeasureTheory.Function.SpecialFunctions.Basic
IMPORTED_MODULE Mathlib.MeasureTheory.Function.LpSeminorm.Basic
IMPORTED_MODULE Mathlib.MeasureTheory.Function.LpSeminorm.ChebyshevMarkov
IMPORTED_MODULE Mathlib.Order.Monotone.Monovary
IMPORTED_MODULE Mathlib.Algebra.Order.Monovary
IMPORTED_MODULE Mathlib.Analysis.Convex.Mul
IMPORTED_MODULE Mathlib.Analysis.MeanInequalitiesPow
IMPORTED_MODULE Mathlib.MeasureTheory.Integral.MeanInequalities
IMPORTED_MODULE Mathlib.Tactic.Finiteness
IMPORTED_MODULE Mathlib.MeasureTheory.Function.LpSeminorm.CompareExp
IMPORTED_MODULE Mathlib.MeasureTheory.Function.LpSeminorm.TriangleInequality
IMPORTED_MODULE Mathlib.MeasureTheory.Function.LpSpace.Basic
IMPORTED_MODULE Mathlib.MeasureTheory.Function.LpSpace.Complete
IMPORTED_MODULE Mathlib.MeasureTheory.Function.ConvergenceInMeasure
IMPORTED_MODULE Mathlib.MeasureTheory.Function.LpOrder
IMPORTED_MODULE Mathlib.MeasureTheory.Function.StronglyMeasurable.Lemmas
IMPORTED_MODULE Mathlib.MeasureTheory.Function.L1Space.Integrable
IMPORTED_MODULE Mathlib.MeasureTheory.Measure.Real
IMPORTED_MODULE Mathlib.Order.Filter.IndicatorFunction
IMPORTED_MODULE Mathlib.MeasureTheory.Function.LpSpace.Indicator
IMPORTED_MODULE Mathlib.MeasureTheory.Integral.IntegrableOn
IMPORTED_MODULE Mathlib.MeasureTheory.Function.LocallyIntegrable
IMPORTED_MODULE Mathlib.MeasureTheory.Group.MeasurableEquiv
IMPORTED_MODULE Mathlib.MeasureTheory.Function.L1Space.AEEqFun
IMPORTED_MODULE Mathlib.MeasureTheory.Function.SimpleFuncDenseLp
IMPORTED_MODULE Mathlib.MeasureTheory.Integral.FinMeasAdditive
IMPORTED_MODULE Mathlib.MeasureTheory.Integral.SetToL1
IMPORTED_MODULE Mathlib.MeasureTheory.Integral.Bochner.L1
IMPORTED_MODULE Mathlib.MeasureTheory.Integral.Bochner.Basic
IMPORTED_MODULE Mathlib.Algebra.Module.MinimalAxioms
IMPORTED_MODULE Mathlib.Topology.Algebra.Indicator
IMPORTED_MODULE Mathlib.Topology.Bornology.BoundedOperation
IMPORTED_MODULE Mathlib.Topology.ContinuousMap.Bounded.Basic
IMPORTED_MODULE Mathlib.Topology.ContinuousMap.Bounded.Normed
IMPORTED_MODULE Mathlib.Topology.ContinuousMap.Star
IMPORTED_MODULE Mathlib.Topology.ContinuousMap.Bounded.Star
IMPORTED_MODULE Mathlib.Topology.NoetherianSpace
IMPORTED_MODULE Mathlib.Topology.QuasiSeparated
IMPORTED_MODULE Mathlib.Topology.Sets.Compacts
IMPORTED_MODULE Mathlib.Topology.ContinuousMap.Compact
IMPORTED_MODULE Mathlib.Topology.MetricSpace.ThickenedIndicator
IMPORTED_MODULE Mathlib.MeasureTheory.Integral.Bochner.Set
IMPORTED_MODULE Mathlib.MeasureTheory.Integral.Bochner.FundThmCalculus
IMPORTED_MODULE Mathlib.MeasureTheory.Measure.Regular
IMPORTED_MODULE Mathlib.MeasureTheory.Integral.Bochner.VitaliCaratheodory
IMPORTED_MODULE Mathlib.Analysis.Convex.Gauge
IMPORTED_MODULE Mathlib.Analysis.NormedSpace.HahnBanach.Separation
IMPORTED_MODULE Mathlib.Analysis.NormedSpace.HahnBanach.SeparatingDual
IMPORTED_MODULE Mathlib.Topology.ContinuousMap.ContinuousMapZero
IMPORTED_MODULE Mathlib.MeasureTheory.Integral.Bochner.ContinuousLinearMap
IMPORTED_MODULE Mathlib.Data.Matrix.DMatrix
IMPORTED_MODULE Mathlib.LinearAlgebra.Matrix.Transvection
IMPORTED_MODULE Mathlib.Algebra.Group.Pointwise.Set.Card
IMPORTED_MODULE Mathlib.Dynamics.Minimal
IMPORTED_MODULE Mathlib.MeasureTheory.Group.Defs
IMPORTED_MODULE Mathlib.MeasureTheory.Group.Action
IMPORTED_MODULE Mathlib.Topology.ContinuousMap.CocompactMap
IMPORTED_MODULE Mathlib.MeasureTheory.Group.Measure
IMPORTED_MODULE Mathlib.MeasureTheory.Group.LIntegral
IMPORTED_MODULE Mathlib.MeasureTheory.MeasurableSpace.Pi
IMPORTED_MODULE Mathlib.MeasureTheory.Constructions.Pi
IMPORTED_MODULE Mathlib.MeasureTheory.Integral.Marginal
IMPORTED_MODULE Mathlib.Topology.Order.LeftRightLim
IMPORTED_MODULE Mathlib.MeasureTheory.Measure.Stieltjes
IMPORTED_MODULE Mathlib.MeasureTheory.Measure.Content
IMPORTED_MODULE Mathlib.MeasureTheory.Group.Prod
IMPORTED_MODULE Mathlib.Topology.Algebra.Group.Compact
IMPORTED_MODULE Mathlib.MeasureTheory.Measure.Haar.Basic
IMPORTED_MODULE Mathlib.MeasureTheory.Measure.Haar.OfBasis
IMPORTED_MODULE Mathlib.MeasureTheory.Measure.Lebesgue.Basic
IMPORTED_MODULE Mathlib.MeasureTheory.Topology
IMPORTED_MODULE Mathlib.MeasureTheory.Integral.IntervalIntegral.Basic
IMPORTED_MODULE Mathlib.MeasureTheory.Integral.DominatedConvergence
IMPORTED_MODULE Mathlib.MeasureTheory.Integral.IntervalIntegral.FundThmCalculus
IMPORTED_MODULE Mathlib.Analysis.SpecialFunctions.NonIntegrable
IMPORTED_MODULE Mathlib.Analysis.Calculus.InverseFunctionTheorem.ApproximatesLinearOn
IMPORTED_MODULE Mathlib.Analysis.Calculus.InverseFunctionTheorem.FDeriv
IMPORTED_MODULE Mathlib.Analysis.Calculus.InverseFunctionTheorem.Deriv
IMPORTED_MODULE Mathlib.Analysis.SpecialFunctions.Complex.LogDeriv
IMPORTED_MODULE Mathlib.Analysis.Calculus.FDeriv.Extend
IMPORTED_MODULE Mathlib.Analysis.Calculus.Deriv.Prod
IMPORTED_MODULE Mathlib.Order.Monotone.Union
IMPORTED_MODULE Mathlib.Order.Monotone.Odd
IMPORTED_MODULE Mathlib.Analysis.SpecialFunctions.Trigonometric.Deriv
IMPORTED_MODULE Mathlib.Analysis.SpecialFunctions.Pow.Deriv
IMPORTED_MODULE Mathlib.Analysis.SpecialFunctions.Trigonometric.Complex
IMPORTED_MODULE Mathlib.Analysis.SpecialFunctions.Trigonometric.Arctan
IMPORTED_MODULE Mathlib.Analysis.SpecialFunctions.Trigonometric.ComplexDeriv
IMPORTED_MODULE Mathlib.Analysis.SpecialFunctions.Trigonometric.ArctanDeriv
IMPORTED_MODULE Mathlib.MeasureTheory.Integral.IntervalIntegral.IntegrationByParts
IMPORTED_MODULE Mathlib.Analysis.SpecialFunctions.Integrals
IMPORTED_MODULE Mathlib.Data.Real.Pi.Wallis
IMPORTED_MODULE Mathlib.Analysis.SpecialFunctions.Stirling
IMPORTED_MODULE HoffmanChromatic.StirlingBounds
IMPORTED_MODULE HoffmanChromatic.MultinomialRate
IMPORTED_MODULE HoffmanChromatic.TypeGrowth
IMPORTED_MODULE HoffmanChromatic.TypeChromatic
IMPORTED_MODULE HoffmanChromatic.Subsequence
IMPORTED_MODULE HoffmanChromatic.UniformEntropy
IMPORTED_MODULE HoffmanChromatic.DimensionCover
IMPORTED_MODULE HoffmanChromatic.TypeLogBound
IMPORTED_MODULE HoffmanChromatic.HandTypes
IMPORTED_MODULE HoffmanChromatic.MixedCover
IMPORTED_MODULE HoffmanChromatic.Rounded
IMPORTED_MODULE HoffmanChromatic.Results
IMPORTED_MODULE HoffmanChromatic.BinomialEntropy
IMPORTED_MODULE HoffmanChromatic.BinomialWindow
IMPORTED_MODULE HoffmanChromatic.BinomialMode
IMPORTED_MODULE HoffmanChromatic.FiniteLaw
IMPORTED_MODULE HoffmanChromatic.FiniteProduct
IMPORTED_MODULE HoffmanChromatic.BinomialPolynomial
IMPORTED_MODULE HoffmanChromatic.MixturePolynomial
IMPORTED_MODULE HoffmanChromatic.MixtureUpper
IMPORTED_MODULE HoffmanChromatic.MixtureLower
IMPORTED_MODULE HoffmanChromatic.MixtureCoefficient
IMPORTED_MODULE HoffmanChromatic.TiltedPolynomial
IMPORTED_MODULE HoffmanChromatic.UniformCoefficient
IMPORTED_MODULE HoffmanChromatic.WeightedCoefficient
IMPORTED_MODULE HoffmanChromatic.CoefficientRatio
IMPORTED_MODULE HoffmanChromatic.SharpParameters
IMPORTED_MODULE HoffmanChromatic.GibbsRate
IMPORTED_MODULE HoffmanChromatic.SaddlePoint
IMPORTED_MODULE HoffmanChromatic.UniformRate
IMPORTED_MODULE Mathlib.FieldTheory.Finiteness
IMPORTED_MODULE Mathlib.LinearAlgebra.AffineSpace.FiniteDimensional
IMPORTED_MODULE Mathlib.Analysis.Convex.Between
IMPORTED_MODULE Mathlib.Analysis.Normed.Affine.AddTorsorBases
IMPORTED_MODULE Mathlib.Analysis.Normed.Affine.Convex
IMPORTED_MODULE Mathlib.Analysis.Convex.Continuous
IMPORTED_MODULE HoffmanChromatic.RateConcavity
IMPORTED_MODULE HoffmanChromatic.RateBracket
IMPORTED_MODULE HoffmanChromatic.RateCover
IMPORTED_MODULE HoffmanChromatic.LogEnclosure
IMPORTED_MODULE HoffmanChromatic.SharpCertificates
IMPORTED_MODULE HoffmanChromatic.SharpCrossing
IMPORTED_MODULE HoffmanChromatic.InteriorCertificates
IMPORTED_MODULE HoffmanChromatic.SharpCover
IMPORTED_MODULE HoffmanChromatic.Uniform
IMPORTED_MODULE HoffmanChromatic.DirectStatements
IMPORTED_MODULE HoffmanChromatic
COMPILER_RUNTIME_ONLY RingHom.id._at.HoffmanChromatic.binomialTransform._spec_1._closed_1._cstage2
CHECKED_DECLARATION HoffmanChromatic.FiniteLaw HoffmanChromatic.FiniteLaw.mean_split_upper
CHECKED_DECLARATION HoffmanChromatic.MixturePolynomial HoffmanChromatic.recordLetterPolynomial
COMPILER_RUNTIME_ONLY Multiset.sum._at.HoffmanChromatic.binomialExpansion._spec_2._cstage2
CHECKED_DECLARATION HoffmanChromatic.NewtonData _private.HoffmanChromatic.NewtonData.0.HoffmanChromatic.newton_entry_6_4_2
COMPILER_RUNTIME_ONLY HoffmanChromatic.binomialExpansion._cstage1
CHECKED_DECLARATION HoffmanChromatic.RateCover HoffmanChromatic.rateMinorant_concave
CHECKED_DECLARATION HoffmanChromatic.NewtonData _private.HoffmanChromatic.NewtonData.0.HoffmanChromatic.newton_entry_7_2_0
COMPILER_RUNTIME_ONLY HoffmanChromatic.E7._cstage2
COMPILER_RUNTIME_ONLY HoffmanChromatic.binomialTransform._cstage1
CHECKED_DECLARATION HoffmanChromatic.Arithmetic HoffmanChromatic.row1_frequencies
CHECKED_DECLARATION HoffmanChromatic.Geometry HoffmanChromatic.tau
CHECKED_DECLARATION HoffmanChromatic.Rounded HoffmanChromatic.rounded_error_absorption._proof_1
CHECKED_DECLARATION HoffmanChromatic.NewtonData _private.HoffmanChromatic.NewtonData.0.HoffmanChromatic.newton_entry_6_3_2
CHECKED_DECLARATION HoffmanChromatic.SphericalLayer HoffmanChromatic.layerDetector_spec._proof_1
CHECKED_DECLARATION HoffmanChromatic.StirlingBounds HoffmanChromatic.log_factorial_error_bounded
COMPILER_RUNTIME_ONLY _private.HoffmanChromatic.MixturePolynomial.0.HoffmanChromatic.recordLetterPolynomial.match_1.splitter._cstage1
CHECKED_DECLARATION HoffmanChromatic.DetectorIndex HoffmanChromatic.power_two_detector_exists
CHECKED_DECLARATION HoffmanChromatic.MixedCover HoffmanChromatic.mixed_hand_cover._proof_2
CHECKED_DECLARATION HoffmanChromatic.Geometry HoffmanChromatic.consecutive_product_nonneg
CHECKED_DECLARATION HoffmanChromatic.TypeLogBound HoffmanChromatic.typeScore_mix
CHECKED_DECLARATION HoffmanChromatic.Subsequence HoffmanChromatic.gibbsCounts_mass_pos
CHECKED_DECLARATION HoffmanChromatic.HandTypes HoffmanChromatic.score_of_integer_certificate
CHECKED_DECLARATION HoffmanChromatic.InteriorCertificates _private.HoffmanChromatic.InteriorCertificates.0.HoffmanChromatic.log_seven_055_Z
CHECKED_DECLARATION HoffmanChromatic.CoefficientEstimates HoffmanChromatic.weightedCount_eval_bound._proof_1
COMPILER_RUNTIME_ONLY Finset.sum._at.HoffmanChromatic.sqNorm._spec_1._cstage2
CHECKED_DECLARATION HoffmanChromatic.LogEnclosure HoffmanChromatic.log_rational_enclosure
CHECKED_DECLARATION HoffmanChromatic.HandTypes HoffmanChromatic.handType0
COMPILER_RUNTIME_ONLY HoffmanChromatic.rowRatio._closed_1._cstage2
CHECKED_DECLARATION HoffmanChromatic.BinomialMode HoffmanChromatic.binomial_mode_central._proof_5
CHECKED_DECLARATION HoffmanChromatic.DetectorIndex HoffmanChromatic.binary_top_choose._proof_8
CHECKED_DECLARATION HoffmanChromatic.MixedCover HoffmanChromatic.mixed_hand_score
CHECKED_DECLARATION HoffmanChromatic.TiltedPolynomial HoffmanChromatic.tiltedRecord_polynomial._proof_4
CHECKED_DECLARATION HoffmanChromatic.MixedCover HoffmanChromatic.mixed_hand_cover._proof_6
CHECKED_DECLARATION HoffmanChromatic.RateConcavity HoffmanChromatic.rate_expression_nonneg
CHECKED_DECLARATION HoffmanChromatic.SharpCertificates _private.HoffmanChromatic.SharpCertificates.0.HoffmanChromatic.log_six_left_E_x
CHECKED_DECLARATION HoffmanChromatic.RateCover HoffmanChromatic.rateDelta_strictMonoOn
CHECKED_DECLARATION HoffmanChromatic.NewtonData _private.HoffmanChromatic.NewtonData.0.HoffmanChromatic.newton_entry_7_3_3
CHECKED_DECLARATION HoffmanChromatic.SphericalLayer HoffmanChromatic.spherical_layer_card_bound
CHECKED_DECLARATION HoffmanChromatic.Geometry HoffmanChromatic.layer_row_exponent._proof_2
CHECKED_DECLARATION HoffmanChromatic.NewtonData _private.HoffmanChromatic.NewtonData.0.HoffmanChromatic.newton_entry_7_3_5
CHECKED_DECLARATION HoffmanChromatic.CoordinateFactor HoffmanChromatic.coordinate_factorization
CHECKED_DECLARATION HoffmanChromatic.BinomialMode HoffmanChromatic.binomial_uniform_upper
CHECKED_DECLARATION HoffmanChromatic.MixtureUpper HoffmanChromatic.sqrt_size_comparison
CHECKED_DECLARATION HoffmanChromatic.SharpParameters HoffmanChromatic.realA7.eq_1
CHECKED_DECLARATION HoffmanChromatic.NewtonData _private.HoffmanChromatic.NewtonData.0.HoffmanChromatic.newton_entry_7_3_1
CHECKED_DECLARATION HoffmanChromatic.TypeGrowth HoffmanChromatic.fixed_type_exponential_margin
CHECKED_DECLARATION HoffmanChromatic.NewtonData _private.HoffmanChromatic.NewtonData.0.HoffmanChromatic.newton_entry_7_6_2
CHECKED_DECLARATION HoffmanChromatic.BinomialMode HoffmanChromatic.binomial_mode_central._proof_9
CHECKED_DECLARATION HoffmanChromatic.CoordinateFactor HoffmanChromatic.intervalLetter_injective._proof_1
CHECKED_DECLARATION HoffmanChromatic.GibbsRate HoffmanChromatic.expMoment_deriv
CHECKED_DECLARATION HoffmanChromatic.TypeGrowth HoffmanChromatic.log_affine_nat_div_zero
CHECKED_DECLARATION HoffmanChromatic.FiniteLaw HoffmanChromatic.FiniteLaw.noConfusion
CHECKED_DECLARATION HoffmanChromatic.Arithmetic HoffmanChromatic.H2.eq_1
CHECKED_DECLARATION HoffmanChromatic.Geometry HoffmanChromatic.row_exponent_identity._proof_1
CHECKED_DECLARATION HoffmanChromatic.NewtonData HoffmanChromatic.newtonU.match_1
CHECKED_DECLARATION HoffmanChromatic.BinomialMode HoffmanChromatic.binomial_mode_central
CHECKED_DECLARATION HoffmanChromatic.UniformRate HoffmanChromatic.parameter_rate_identity
CHECKED_DECLARATION HoffmanChromatic.GibbsRate HoffmanChromatic.expMean_strictMono
CHECKED_DECLARATION HoffmanChromatic.DetectorIndex HoffmanChromatic.detector_basis_equivalence
COMPILER_RUNTIME_ONLY HoffmanChromatic.recordLetterPolynomial.match_1._cstage1
COMPILER_RUNTIME_ONLY HoffmanChromatic.handType0._closed_4._cstage2
CHECKED_DECLARATION HoffmanChromatic.DetectorIndex HoffmanChromatic.binomial_span_eq_shifted._proof_2
CHECKED_DECLARATION HoffmanChromatic.NewtonData _private.HoffmanChromatic.NewtonData.0.HoffmanChromatic.newton_entry_6_0_2
CHECKED_DECLARATION HoffmanChromatic.Results HoffmanChromatic.subsequence_euclidean_chromatic
COMPILER_RUNTIME_ONLY HoffmanChromatic.realA6._cstage1
CHECKED_DECLARATION HoffmanChromatic.FiniteBound HoffmanChromatic.finite_chromatic_inequality
CHECKED_DECLARATION HoffmanChromatic.BinomialPolynomial HoffmanChromatic.binomial_central_bounds_Z._proof_2
CHECKED_DECLARATION HoffmanChromatic.NewtonData HoffmanChromatic.newtonW.match_1
CHECKED_DECLARATION HoffmanChromatic.BinomialPolynomial HoffmanChromatic.shifted_bernoulli_coeff._proof_3
COMPILER_RUNTIME_ONLY HoffmanChromatic.tailE7._cstage2
CHECKED_DECLARATION HoffmanChromatic.GibbsRate HoffmanChromatic.expMean
COMPILER_RUNTIME_ONLY HoffmanChromatic.fullWeights01._cstage2
CHECKED_DECLARATION HoffmanChromatic.DimensionCover HoffmanChromatic.zeroExtend.eq_1
CHECKED_DECLARATION HoffmanChromatic.MixedCover HoffmanChromatic.mixed_hand_cover._proof_4
CHECKED_DECLARATION HoffmanChromatic.NewtonData _private.HoffmanChromatic.NewtonData.0.HoffmanChromatic.newton_entry_7_6_5
COMPILER_RUNTIME_ONLY HoffmanChromatic.shiftedBinomialSpan._cstage1
COMPILER_RUNTIME_ONLY Finset.sum._at.HoffmanChromatic.layerLevel._spec_1._rarg._cstage2
CHECKED_DECLARATION HoffmanChromatic.SharpCrossing HoffmanChromatic.crossingRight
CHECKED_DECLARATION HoffmanChromatic.NewtonData _private.HoffmanChromatic.NewtonData.0.HoffmanChromatic.newton_entry_7_6_4
CHECKED_DECLARATION HoffmanChromatic.TiltedPolynomial _private.HoffmanChromatic.TiltedPolynomial.0.HoffmanChromatic.recordLetterPolynomial.match_1.eq_1
CHECKED_DECLARATION HoffmanChromatic.StirlingBounds HoffmanChromatic.log_factorial_multiple_rate._proof_2
CHECKED_DECLARATION HoffmanChromatic.TypeChromatic HoffmanChromatic.seven_type_normalized_bound
CHECKED_DECLARATION HoffmanChromatic.TypeGrowth HoffmanChromatic.log_affine_nat_div_zero._proof_1
CHECKED_DECLARATION HoffmanChromatic.DetectorIndex HoffmanChromatic.binary_pascal_product
CHECKED_DECLARATION HoffmanChromatic.Targets HoffmanChromatic.realA7
CHECKED_DECLARATION HoffmanChromatic.TypeChromatic HoffmanChromatic.fixed_type_subsequence._proof_4
COMPILER_RUNTIME_ONLY Finset.sum._at.HoffmanChromatic.typeMass._spec_1._cstage2
CHECKED_DECLARATION HoffmanChromatic.Targets HoffmanChromatic.logarithmicRate
CHECKED_DECLARATION HoffmanChromatic.CoefficientRank HoffmanChromatic.tensor_coefficient_rank_bound
CHECKED_DECLARATION HoffmanChromatic.SaddlePoint HoffmanChromatic.logarithmicRate_at_saddle
CHECKED_DECLARATION HoffmanChromatic.WeightedCoefficient HoffmanChromatic.weightedCount_uniform_bound._proof_3
CHECKED_DECLARATION HoffmanChromatic.NewtonData _private.HoffmanChromatic.NewtonData.0.HoffmanChromatic.newton_entry_7_3_2
CHECKED_DECLARATION HoffmanChromatic.SphericalLayer HoffmanChromatic.layerDetector.eq_1
COMPILER_RUNTIME_ONLY HoffmanChromatic.handType0._closed_5._cstage2
COMPILER_RUNTIME_ONLY HoffmanChromatic.realE6._cstage1
COMPILER_RUNTIME_ONLY HoffmanChromatic.newtonExponent._cstage2
CHECKED_DECLARATION HoffmanChromatic.MixtureUpper HoffmanChromatic.small_count_scaled
CHECKED_DECLARATION HoffmanChromatic.Arithmetic HoffmanChromatic.A6
CHECKED_DECLARATION HoffmanChromatic.DetectorIndex HoffmanChromatic.binary_pascal_product._proof_1
CHECKED_DECLARATION HoffmanChromatic.RateCover HoffmanChromatic.rateDelta._proof_1
CHECKED_DECLARATION HoffmanChromatic.RateCover HoffmanChromatic.rateMinorant_chord
CHECKED_DECLARATION HoffmanChromatic.CoefficientRank HoffmanChromatic.coefficient_rank_transfer
CHECKED_DECLARATION HoffmanChromatic.Detector HoffmanChromatic.detector_choose_even._proof_3
CHECKED_DECLARATION HoffmanChromatic.Alphabets HoffmanChromatic.finite_six_real
CHECKED_DECLARATION HoffmanChromatic.DetectorIndex HoffmanChromatic.binomialTransform._proof_2
CHECKED_DECLARATION HoffmanChromatic.SharpCertificates _private.HoffmanChromatic.SharpCertificates.0.HoffmanChromatic.rate_six_left_E
CHECKED_DECLARATION HoffmanChromatic.SaddlePoint HoffmanChromatic.fullWeights01.eq_2
CHECKED_DECLARATION HoffmanChromatic.SharpParameters HoffmanChromatic.realE6.eq_1
CHECKED_DECLARATION HoffmanChromatic.SharpParameters HoffmanChromatic.realA6.eq_1
CHECKED_DECLARATION HoffmanChromatic.FiniteLaw HoffmanChromatic.FiniteLaw.chebyshev
CHECKED_DECLARATION HoffmanChromatic.NewtonData _private.HoffmanChromatic.NewtonData.0.HoffmanChromatic.newton_entry_6_2_2
CHECKED_DECLARATION HoffmanChromatic.Detector HoffmanChromatic.detector_choose_even
CHECKED_DECLARATION HoffmanChromatic.MixedCover HoffmanChromatic.mixed_hand_cover
CHECKED_DECLARATION HoffmanChromatic.DetectorIndex HoffmanChromatic.shiftedBinomialBasis
CHECKED_DECLARATION HoffmanChromatic.SharpCrossing HoffmanChromatic.crossingLeft
CHECKED_DECLARATION HoffmanChromatic.DetectorIndex HoffmanChromatic.binomialTransform
COMPILER_RUNTIME_ONLY HoffmanChromatic.FiniteLaw.sumObs._cstage2
CHECKED_DECLARATION HoffmanChromatic.DetectorIndex HoffmanChromatic.minimum_detector_coefficient
CHECKED_DECLARATION HoffmanChromatic.MultinomialRate HoffmanChromatic.multinomial_log_rate
CHECKED_DECLARATION HoffmanChromatic.SharpCrossing HoffmanChromatic.crossingLeft.eq_1
COMPILER_RUNTIME_ONLY HoffmanChromatic.handType1._cstage1
CHECKED_DECLARATION HoffmanChromatic.FiniteLaw HoffmanChromatic.FiniteLaw.mk.sizeOf_spec
COMPILER_RUNTIME_ONLY HoffmanChromatic.unitDistanceGraph._cstage1
COMPILER_RUNTIME_ONLY HoffmanChromatic.mean7._cstage1
COMPILER_RUNTIME_ONLY Submodule.span._at.HoffmanChromatic.binomialSpan._spec_1._cstage2
CHECKED_DECLARATION HoffmanChromatic.CoefficientEstimates HoffmanChromatic.coefficient_eval_le
CHECKED_DECLARATION HoffmanChromatic.MixedCover HoffmanChromatic.mixed_hand_cover._proof_3
CHECKED_DECLARATION HoffmanChromatic.Alphabets HoffmanChromatic.countA6
CHECKED_DECLARATION HoffmanChromatic.Targets HoffmanChromatic.RoundedTarget._proof_10
CHECKED_DECLARATION HoffmanChromatic.InteriorCertificates _private.HoffmanChromatic.InteriorCertificates.0.HoffmanChromatic.log_interior_4_s
CHECKED_DECLARATION HoffmanChromatic.TiltedPolynomial HoffmanChromatic.mean01
CHECKED_DECLARATION HoffmanChromatic.MixturePolynomial HoffmanChromatic.recordValue.eq_2
CHECKED_DECLARATION HoffmanChromatic.NewtonData _private.HoffmanChromatic.NewtonData.0.HoffmanChromatic.newton_entry_7_6_3
COMPILER_RUNTIME_ONLY HoffmanChromatic.H3._cstage2
CHECKED_DECLARATION HoffmanChromatic.EuclideanBridge HoffmanChromatic.realPoint_dist_sq
CHECKED_DECLARATION HoffmanChromatic.FiniteLaw HoffmanChromatic.FiniteLaw.total
CHECKED_DECLARATION HoffmanChromatic.DetectorIndex HoffmanChromatic.binomial_transform_prescribed._proof_4
CHECKED_DECLARATION HoffmanChromatic.NewtonData _private.HoffmanChromatic.NewtonData.0.HoffmanChromatic.newton_entry_7_5_3
CHECKED_DECLARATION HoffmanChromatic.CoefficientEstimates HoffmanChromatic.partial_coefficient_sum_le
CHECKED_DECLARATION HoffmanChromatic.UniformRate HoffmanChromatic.uniform_rate_from_brackets._proof_3
COMPILER_RUNTIME_ONLY HoffmanChromatic.rowRatio._closed_4._cstage2
CHECKED_DECLARATION HoffmanChromatic.NewtonData _private.HoffmanChromatic.NewtonData.0.HoffmanChromatic.newton_entry_6_2_3
COMPILER_RUNTIME_ONLY HoffmanChromatic.tailA6._cstage1
CHECKED_DECLARATION HoffmanChromatic.Uniform HoffmanChromatic.uniform_chromatic._proof_4
CHECKED_DECLARATION HoffmanChromatic.NewtonData _private.HoffmanChromatic.NewtonData.0.HoffmanChromatic.newton_entry_6_3_0
COMPILER_RUNTIME_ONLY HoffmanChromatic.tailA6._closed_2._cstage2
CHECKED_DECLARATION HoffmanChromatic.NewtonData _private.HoffmanChromatic.NewtonData.0.HoffmanChromatic.newton_entry_6_0_0
CHECKED_DECLARATION HoffmanChromatic.Geometry HoffmanChromatic.distance_decomposition
CHECKED_DECLARATION HoffmanChromatic.BinomialWindow HoffmanChromatic.binomial_window_bounds._proof_1
CHECKED_DECLARATION HoffmanChromatic.MixturePolynomial HoffmanChromatic.recordW_variance
CHECKED_DECLARATION HoffmanChromatic.NewtonData _private.HoffmanChromatic.NewtonData.0.HoffmanChromatic.newton_entry_7_6_0
COMPILER_RUNTIME_ONLY Finset.sum._at.HoffmanChromatic.recordR._spec_1
CHECKED_DECLARATION HoffmanChromatic.GibbsRate HoffmanChromatic.finite_variance_pos_at
CHECKED_DECLARATION HoffmanChromatic.TiltedPolynomial HoffmanChromatic.mean01.eq_1
COMPILER_RUNTIME_ONLY HoffmanChromatic.sqDistance._cstage2
CHECKED_DECLARATION HoffmanChromatic.FiniteProduct HoffmanChromatic.FiniteLaw.iid_variance
COMPILER_RUNTIME_ONLY HoffmanChromatic.typeDenom._closed_2._cstage2
CHECKED_DECLARATION HoffmanChromatic.Targets HoffmanChromatic.delta6
CHECKED_DECLARATION HoffmanChromatic.InteriorCertificates _private.HoffmanChromatic.InteriorCertificates.0.HoffmanChromatic.log_interior_6_s
CHECKED_DECLARATION HoffmanChromatic.CoefficientEstimates HoffmanChromatic.natEval
CHECKED_DECLARATION HoffmanChromatic.InteriorCertificates HoffmanChromatic.interior_minorant_2
COMPILER_RUNTIME_ONLY Multiset.sum._at.HoffmanChromatic.FiniteLaw.sumObs._spec_2._closed_1._cstage2
CHECKED_DECLARATION HoffmanChromatic.UniformEntropy HoffmanChromatic.massEntropy
CHECKED_DECLARATION HoffmanChromatic.MixturePolynomial HoffmanChromatic.recordValue.eq_1
CHECKED_DECLARATION HoffmanChromatic.NewtonData _private.HoffmanChromatic.NewtonData.0.HoffmanChromatic.newton_entry_7_2_1
CHECKED_DECLARATION HoffmanChromatic.DirectStatements HoffmanChromatic.Direct.rate7
COMPILER_RUNTIME_ONLY HoffmanChromatic.rowRatio._closed_5._cstage2
CHECKED_DECLARATION HoffmanChromatic.FiniteLaw HoffmanChromatic.FiniteLaw.mean_mono
CHECKED_DECLARATION HoffmanChromatic.HandTypes HoffmanChromatic.typeDenom
CHECKED_DECLARATION HoffmanChromatic.Targets HoffmanChromatic.RoundedTarget._proof_9
CHECKED_DECLARATION HoffmanChromatic.NewtonData _private.HoffmanChromatic.NewtonData.0.HoffmanChromatic.newton_entry_6_1_2
CHECKED_DECLARATION HoffmanChromatic.SharpCertificates _private.HoffmanChromatic.SharpCertificates.0.HoffmanChromatic.log_six_left_A_Z
CHECKED_DECLARATION HoffmanChromatic.BinomialMode HoffmanChromatic.binomial_mode_central._proof_7
CHECKED_DECLARATION HoffmanChromatic.SharpCertificates _private.HoffmanChromatic.SharpCertificates.0.HoffmanChromatic.log_six_left_E_Z
CHECKED_DECLARATION HoffmanChromatic.DetectorIndex HoffmanChromatic.prescribedDetector
CHECKED_DECLARATION HoffmanChromatic.DetectorIndex HoffmanChromatic.minimum_shifted_detector_index_iff
COMPILER_RUNTIME_ONLY HoffmanChromatic.realPoint._rarg._lambda_1._cstage2
CHECKED_DECLARATION HoffmanChromatic.Arithmetic HoffmanChromatic.subsequence_mean_bounds
COMPILER_RUNTIME_ONLY Finset.sum._at.HoffmanChromatic.sqNorm._spec_1._rarg._cstage2
CHECKED_DECLARATION HoffmanChromatic.FiniteLaw HoffmanChromatic.FiniteLaw.mean_centered
COMPILER_RUNTIME_ONLY HoffmanChromatic.rowRatio._closed_9._cstage2
CHECKED_DECLARATION HoffmanChromatic.Targets HoffmanChromatic.realA6
CHECKED_DECLARATION HoffmanChromatic.Geometry HoffmanChromatic.layerLevel
COMPILER_RUNTIME_ONLY HoffmanChromatic.sqNorm._cstage2
CHECKED_DECLARATION HoffmanChromatic.TiltedPolynomial _private.HoffmanChromatic.TiltedPolynomial.0.HoffmanChromatic.recordLetterPolynomial.match_1.splitter
CHECKED_DECLARATION HoffmanChromatic.MixturePolynomial HoffmanChromatic.recordValue
CHECKED_DECLARATION HoffmanChromatic.FiniteProduct HoffmanChromatic.FiniteLaw.iid._proof_1
CHECKED_DECLARATION HoffmanChromatic.Subsequence HoffmanChromatic.gibbsCounts.eq_1
CHECKED_DECLARATION HoffmanChromatic.DetectorIndex HoffmanChromatic.binary_top_choose._proof_14
CHECKED_DECLARATION HoffmanChromatic.NewtonData _private.HoffmanChromatic.NewtonData.0.HoffmanChromatic.newton_entry_6_2_1
CHECKED_DECLARATION HoffmanChromatic.BinomialMode HoffmanChromatic.binomial_mode_central._proof_1
CHECKED_DECLARATION HoffmanChromatic.DetectorIndex HoffmanChromatic.detector_nonzero_coefficient_le._proof_3
CHECKED_DECLARATION HoffmanChromatic.FiniteLaw HoffmanChromatic.FiniteLaw.casesOn
CHECKED_DECLARATION HoffmanChromatic.UniformEntropy HoffmanChromatic.typeEntropy_mix
CHECKED_DECLARATION HoffmanChromatic.Arithmetic HoffmanChromatic.H1.eq_1
CHECKED_DECLARATION HoffmanChromatic.InteriorCertificates _private.HoffmanChromatic.InteriorCertificates.0.HoffmanChromatic.log_six_042_x
CHECKED_DECLARATION HoffmanChromatic.HandTypes HoffmanChromatic.hand_score_1a
CHECKED_DECLARATION HoffmanChromatic.SharpCertificates _private.HoffmanChromatic.SharpCertificates.0.HoffmanChromatic.log_seven_right_E_x
CHECKED_DECLARATION HoffmanChromatic.NewtonData HoffmanChromatic.f2SeriesCharP
CHECKED_DECLARATION HoffmanChromatic.CoefficientRatio HoffmanChromatic.uniform_polynomial_chromatic_bound
CHECKED_DECLARATION HoffmanChromatic.NewtonData _private.HoffmanChromatic.NewtonData.0.HoffmanChromatic.newton_entry_7_0_1
CHECKED_DECLARATION HoffmanChromatic.SaddlePoint _private.HoffmanChromatic.SaddlePoint.0.HoffmanChromatic.fullWeights01.match_1.eq_2
CHECKED_DECLARATION HoffmanChromatic.DetectorIndex HoffmanChromatic.binary_choose_lucas
CHECKED_DECLARATION HoffmanChromatic.TiltedPolynomial _private.HoffmanChromatic.TiltedPolynomial.0.HoffmanChromatic.tiltedRecordLaw.match_1.splitter
CHECKED_DECLARATION HoffmanChromatic.SeriesBridge HoffmanChromatic.signedPower_sum
CHECKED_DECLARATION HoffmanChromatic.HandTypes HoffmanChromatic.handType1.eq_1
COMPILER_RUNTIME_ONLY HoffmanChromatic.mean7._closed_3._cstage2
CHECKED_DECLARATION HoffmanChromatic.TypeGrowth HoffmanChromatic.affine_nat_div_rate._proof_1
CHECKED_DECLARATION HoffmanChromatic.RateConcavity HoffmanChromatic.partition01_ge_one
CHECKED_DECLARATION HoffmanChromatic.SharpParameters HoffmanChromatic.count01_E7
CHECKED_DECLARATION HoffmanChromatic.SharpCertificates _private.HoffmanChromatic.SharpCertificates.0.HoffmanChromatic.rate_seven_right_E
CHECKED_DECLARATION HoffmanChromatic.DimensionCover HoffmanChromatic.dyadic_layer_cover._proof_4
COMPILER_RUNTIME_ONLY HoffmanChromatic.A7._cstage1
COMPILER_RUNTIME_ONLY HoffmanChromatic.unitDistanceGraph._cstage2
CHECKED_DECLARATION HoffmanChromatic.NewtonData _private.HoffmanChromatic.NewtonData.0.HoffmanChromatic.newton_entry_6_5_3
CHECKED_DECLARATION HoffmanChromatic.Targets HoffmanChromatic.UniformTarget._proof_7
CHECKED_DECLARATION HoffmanChromatic.FiniteProduct HoffmanChromatic.FiniteLaw.sumObs_cons
CHECKED_DECLARATION HoffmanChromatic.SaddlePoint HoffmanChromatic.fullWeights01.eq_1
CHECKED_DECLARATION HoffmanChromatic.MixturePolynomial HoffmanChromatic.recordW_sum
CHECKED_DECLARATION HoffmanChromatic.Subsequence HoffmanChromatic.tau.eq_1
CHECKED_DECLARATION HoffmanChromatic.MixturePolynomial HoffmanChromatic.recordW.eq_1
CHECKED_DECLARATION HoffmanChromatic.LogEnclosure HoffmanChromatic.logEta
COMPILER_RUNTIME_ONLY Multiset.sum._at.HoffmanChromatic.FiniteLaw.sumObs._spec_2
CHECKED_DECLARATION HoffmanChromatic.NewtonData _private.HoffmanChromatic.NewtonData.0.HoffmanChromatic.newton_entry_6_4_3
COMPILER_RUNTIME_ONLY Finset.sum._at.HoffmanChromatic.typeMass._spec_1
CHECKED_DECLARATION HoffmanChromatic.TiltedPolynomial _private.HoffmanChromatic.TiltedPolynomial.0.HoffmanChromatic.tiltedRecordLaw.match_1.eq_2
CHECKED_DECLARATION HoffmanChromatic.HandTypes HoffmanChromatic.handType1
CHECKED_DECLARATION HoffmanChromatic.DetectorIndex HoffmanChromatic.binary_top_choose._proof_13
CHECKED_DECLARATION HoffmanChromatic.BinomialEntropy HoffmanChromatic.bernoulliDivergence_nonneg
COMPILER_RUNTIME_ONLY HoffmanChromatic.realA7._cstage2
COMPILER_RUNTIME_ONLY HoffmanChromatic.binomialSpan._cstage2
CHECKED_DECLARATION HoffmanChromatic.TiltedPolynomial HoffmanChromatic.countPolynomial01
COMPILER_RUNTIME_ONLY HoffmanChromatic.sqDistance._lambda_1._cstage2
COMPILER_RUNTIME_ONLY HoffmanChromatic.prescribedDetector._cstage1
CHECKED_DECLARATION HoffmanChromatic.NewtonData _private.HoffmanChromatic.NewtonData.0.HoffmanChromatic.newton_entry_6_5_4
CHECKED_DECLARATION HoffmanChromatic.NewtonData _private.HoffmanChromatic.NewtonData.0.HoffmanChromatic.newton_entry_6_0_5
CHECKED_DECLARATION HoffmanChromatic.LogEnclosure HoffmanChromatic.logEta_abs_lt_one
CHECKED_DECLARATION HoffmanChromatic.SharpCrossing HoffmanChromatic.rateDelta.eq_1
CHECKED_DECLARATION HoffmanChromatic.MixtureCoefficient HoffmanChromatic.mixture_coefficient_bounds._proof_2
CHECKED_DECLARATION HoffmanChromatic.EuclideanBridge HoffmanChromatic.scaledPoint.eq_1
CHECKED_DECLARATION HoffmanChromatic.MultinomialCount HoffmanChromatic.multinomial_le_layer_coefficient._proof_1
CHECKED_DECLARATION HoffmanChromatic.InteriorCertificates _private.HoffmanChromatic.InteriorCertificates.0.HoffmanChromatic.log_seven_055_x
CHECKED_DECLARATION HoffmanChromatic.MixturePolynomial HoffmanChromatic.recordR
COMPILER_RUNTIME_ONLY Finset.sum._at.HoffmanChromatic.FiniteLaw.sumObs._spec_1
CHECKED_DECLARATION HoffmanChromatic.NewtonData _private.HoffmanChromatic.NewtonData.0.HoffmanChromatic.newton_entry_7_5_1
CHECKED_DECLARATION HoffmanChromatic.Geometry HoffmanChromatic.sqDistance
CHECKED_DECLARATION HoffmanChromatic.TiltedPolynomial HoffmanChromatic.tiltedRecord_polynomial._proof_6
COMPILER_RUNTIME_ONLY Finset.prod._at.HoffmanChromatic.typeDenom._spec_1._cstage2
CHECKED_DECLARATION HoffmanChromatic.SphericalLayer HoffmanChromatic.letterWeight_cast
COMPILER_RUNTIME_ONLY HoffmanChromatic.handType1._closed_4._cstage2
CHECKED_DECLARATION HoffmanChromatic.BinomialEntropy HoffmanChromatic.log_binomialMass
CHECKED_DECLARATION HoffmanChromatic.TypeLogBound HoffmanChromatic.typeScore._proof_1
CHECKED_DECLARATION HoffmanChromatic.UniformEntropy HoffmanChromatic.factorial_entropy_bounds
COMPILER_RUNTIME_ONLY Finset.sum._at.HoffmanChromatic.binomialExpansion._spec_1._cstage2
CHECKED_DECLARATION HoffmanChromatic.EuclideanBridge HoffmanChromatic.realPoint._proof_1
CHECKED_DECLARATION HoffmanChromatic.SeriesBridge HoffmanChromatic.onePlusUnit_val
CHECKED_DECLARATION HoffmanChromatic.Targets HoffmanChromatic.Crossing._proof_5
CHECKED_DECLARATION HoffmanChromatic.SeriesBridge HoffmanChromatic.inverseSeries_add_one
CHECKED_DECLARATION HoffmanChromatic.DimensionCover HoffmanChromatic.dyadic_layer_cover._proof_2
CHECKED_DECLARATION HoffmanChromatic.SharpParameters HoffmanChromatic.count01_A6
COMPILER_RUNTIME_ONLY Finset.sum._at.HoffmanChromatic.sqNorm._spec_1
CHECKED_DECLARATION HoffmanChromatic.DetectorIndex HoffmanChromatic.binomialExpansion.eq_1
CHECKED_DECLARATION HoffmanChromatic.MixturePolynomial HoffmanChromatic.recordLetterPolynomial.eq_2
CHECKED_DECLARATION HoffmanChromatic.MixturePolynomial HoffmanChromatic.recordN_variance
CHECKED_DECLARATION HoffmanChromatic.BinomialEntropy HoffmanChromatic.binomial_stirling_identity
COMPILER_RUNTIME_ONLY _private.HoffmanChromatic.MixturePolynomial.0.HoffmanChromatic.recordLetterPolynomial.match_1.splitter._cstage2
CHECKED_DECLARATION HoffmanChromatic.TypeLogBound HoffmanChromatic.seven_type_eval_bound
COMPILER_RUNTIME_ONLY Finset.sum._at.HoffmanChromatic.midpointCorrection._spec_1
CHECKED_DECLARATION HoffmanChromatic.SharpParameters HoffmanChromatic.count01_A7
COMPILER_RUNTIME_ONLY HoffmanChromatic.tailA7._cstage1
CHECKED_DECLARATION HoffmanChromatic.Targets HoffmanChromatic.UniformTarget._proof_8
COMPILER_RUNTIME_ONLY _private.HoffmanChromatic.SaddlePoint.0.HoffmanChromatic.fullWeights01.match_1.splitter._cstage2
CHECKED_DECLARATION HoffmanChromatic.FiniteLaw HoffmanChromatic.FiniteLaw.mean_event_lower
COMPILER_RUNTIME_ONLY HoffmanChromatic.rowRatio._cstage2
CHECKED_DECLARATION HoffmanChromatic.NewtonData _private.HoffmanChromatic.NewtonData.0.HoffmanChromatic.newton_entry_6_1_3
CHECKED_DECLARATION HoffmanChromatic.Arithmetic HoffmanChromatic.H2
CHECKED_DECLARATION HoffmanChromatic.SharpParameters HoffmanChromatic.six_uniform_parameter_bound
CHECKED_DECLARATION HoffmanChromatic.StirlingBounds HoffmanChromatic.constant_div_nat_tendsto_zero
CHECKED_DECLARATION HoffmanChromatic.TiltedPolynomial HoffmanChromatic.tiltedRecordLaw
COMPILER_RUNTIME_ONLY _private.HoffmanChromatic.TiltedPolynomial.0.HoffmanChromatic.tiltedRecordLaw.match_1.splitter._cstage1
CHECKED_DECLARATION HoffmanChromatic.SharpParameters HoffmanChromatic.partition01_A7
CHECKED_DECLARATION HoffmanChromatic.Arithmetic HoffmanChromatic.H1
CHECKED_DECLARATION HoffmanChromatic.UniformRate HoffmanChromatic.six_uniform_rate
CHECKED_DECLARATION HoffmanChromatic.MixtureLower HoffmanChromatic.binomial_mixture_uniform_lower._proof_1
COMPILER_RUNTIME_ONLY HoffmanChromatic.recordN._rarg._lambda_1._cstage2
CHECKED_DECLARATION HoffmanChromatic.Detector HoffmanChromatic.binaryDetector_spec._proof_2
CHECKED_DECLARATION HoffmanChromatic.FiniteLaw HoffmanChromatic.FiniteLaw.mk._flat_ctor
CHECKED_DECLARATION HoffmanChromatic.Counting HoffmanChromatic.weightPolynomial.eq_1
CHECKED_DECLARATION HoffmanChromatic.SharpCrossing HoffmanChromatic.crossingLeft._proof_1
COMPILER_RUNTIME_ONLY HoffmanChromatic.H1._closed_1._cstage2
CHECKED_DECLARATION HoffmanChromatic.SphericalLayer HoffmanChromatic.layerDetector_spec
CHECKED_DECLARATION HoffmanChromatic.Subsequence HoffmanChromatic.gibbsCounts_scaled
CHECKED_DECLARATION HoffmanChromatic.Geometry HoffmanChromatic.sqDistance_nonneg
COMPILER_RUNTIME_ONLY HoffmanChromatic.prescribedDetector._closed_3._cstage2
CHECKED_DECLARATION HoffmanChromatic.FiniteLaw HoffmanChromatic.FiniteLaw.noConfusionType
COMPILER_RUNTIME_ONLY HoffmanChromatic.midpointCorrection._lambda_1._cstage2
COMPILER_RUNTIME_ONLY HoffmanChromatic.prescribedDetector._closed_4._cstage2
CHECKED_DECLARATION HoffmanChromatic.FiniteProduct HoffmanChromatic.FiniteLaw.iid
CHECKED_DECLARATION HoffmanChromatic.GibbsRate HoffmanChromatic.finite_variance_identity
CHECKED_DECLARATION HoffmanChromatic.Targets HoffmanChromatic.delta7
CHECKED_DECLARATION HoffmanChromatic.SharpCertificates HoffmanChromatic.crossing_row_seven_right
COMPILER_RUNTIME_ONLY HoffmanChromatic.tailA6._cstage2
COMPILER_RUNTIME_ONLY Finset.sum._at.HoffmanChromatic.FiniteLaw.sumObs._spec_1._cstage2
CHECKED_DECLARATION HoffmanChromatic.MixtureLower HoffmanChromatic.binomial_mixture_uniform_lower
CHECKED_DECLARATION HoffmanChromatic.DetectorIndex HoffmanChromatic.full_window_detector_exists
COMPILER_RUNTIME_ONLY HoffmanChromatic.rowRatio._closed_2._cstage2
COMPILER_RUNTIME_ONLY Multiset.sum._at.HoffmanChromatic.layerLevel._spec_2
CHECKED_DECLARATION HoffmanChromatic.Targets HoffmanChromatic.Crossing._proof_6
CHECKED_DECLARATION HoffmanChromatic.Alphabets HoffmanChromatic.finite_seven
CHECKED_DECLARATION HoffmanChromatic.NewtonData HoffmanChromatic.newton_factor_7
CHECKED_DECLARATION HoffmanChromatic.Alphabets HoffmanChromatic.finite_six
CHECKED_DECLARATION HoffmanChromatic.BinomialMode HoffmanChromatic.binomial_mode_central._proof_6
CHECKED_DECLARATION HoffmanChromatic.SharpCertificates _private.HoffmanChromatic.SharpCertificates.0.HoffmanChromatic.log_seven_right_A_x
COMPILER_RUNTIME_ONLY HoffmanChromatic.layerPoint._cstage2
CHECKED_DECLARATION HoffmanChromatic.FiniteLaw HoffmanChromatic.FiniteLaw.mean_add
CHECKED_DECLARATION HoffmanChromatic.BinomialPolynomial HoffmanChromatic.shifted_bernoulli_coeff
CHECKED_DECLARATION HoffmanChromatic.RateCover HoffmanChromatic.rateDelta_strictAntiOn
CHECKED_DECLARATION HoffmanChromatic.RankColoring HoffmanChromatic.colorClass_card_le_rank
CHECKED_DECLARATION HoffmanChromatic.DimensionCover HoffmanChromatic.dyadic_layer_cover._proof_3
CHECKED_DECLARATION HoffmanChromatic.SharpCrossing HoffmanChromatic.sharp_crossing
CHECKED_DECLARATION HoffmanChromatic.GibbsRate HoffmanChromatic.expMoment_zero_pos
CHECKED_DECLARATION HoffmanChromatic.Uniform HoffmanChromatic.uniform_chromatic._proof_1
CHECKED_DECLARATION HoffmanChromatic.DetectorIndex HoffmanChromatic.binomialBasis
CHECKED_DECLARATION HoffmanChromatic.WeightedCoefficient HoffmanChromatic.weighted_geometric_sum_le
COMPILER_RUNTIME_ONLY HoffmanChromatic.prescribedDetector._closed_1._cstage2
CHECKED_DECLARATION HoffmanChromatic.NewtonData HoffmanChromatic.newtonU
CHECKED_DECLARATION HoffmanChromatic.SaddlePoint _private.HoffmanChromatic.SaddlePoint.0.HoffmanChromatic.fullWeights01.match_1.eq_1
CHECKED_DECLARATION HoffmanChromatic.DetectorIndex HoffmanChromatic.minimumDetectorIndex
CHECKED_DECLARATION HoffmanChromatic.SharpCertificates HoffmanChromatic.crossing_row_six_left
CHECKED_DECLARATION HoffmanChromatic.WeightedCoefficient HoffmanChromatic.weightedCount_uniform_bound
CHECKED_DECLARATION HoffmanChromatic.UniformCoefficient HoffmanChromatic.partition01_le_card
CHECKED_DECLARATION HoffmanChromatic.DetectorIndex HoffmanChromatic.binomial_detector_mono
CHECKED_DECLARATION HoffmanChromatic.FiniteLaw HoffmanChromatic.FiniteLaw.mass_compl
CHECKED_DECLARATION HoffmanChromatic.SeriesBridge HoffmanChromatic.signedPower_add
CHECKED_DECLARATION HoffmanChromatic.TypeChromatic HoffmanChromatic.typeMass
CHECKED_DECLARATION HoffmanChromatic.MixtureCoefficient HoffmanChromatic.mixture_coefficient_bounds
CHECKED_DECLARATION HoffmanChromatic.Arithmetic HoffmanChromatic.A7
CHECKED_DECLARATION HoffmanChromatic.SharpCertificates _private.HoffmanChromatic.SharpCertificates.0.HoffmanChromatic.rate_seven_left_A
CHECKED_DECLARATION HoffmanChromatic.RankColoring HoffmanChromatic.card_le_colors_mul_rank
CHECKED_DECLARATION HoffmanChromatic.DetectorIndex HoffmanChromatic.HasShiftedBinomialDetector
CHECKED_DECLARATION HoffmanChromatic.SaddlePoint HoffmanChromatic.fullWeights01.eq_3
COMPILER_RUNTIME_ONLY HoffmanChromatic.handType2._cstage2
CHECKED_DECLARATION HoffmanChromatic.DirectStatements HoffmanChromatic.Direct.rate6._proof_1
COMPILER_RUNTIME_ONLY HoffmanChromatic.A6._cstage2
CHECKED_DECLARATION HoffmanChromatic.FiniteLaw HoffmanChromatic.FiniteLaw.mass_nonneg
COMPILER_RUNTIME_ONLY Finset.sum._at.HoffmanChromatic.recordN._spec_1
CHECKED_DECLARATION HoffmanChromatic.DetectorIndex HoffmanChromatic.HasBinomialDetector
CHECKED_DECLARATION HoffmanChromatic.DetectorIndex HoffmanChromatic.shifted_binomial_prefix._proof_1
CHECKED_DECLARATION HoffmanChromatic.WeightedCoefficient HoffmanChromatic.weightedCount_uniform_bound._proof_2
CHECKED_DECLARATION HoffmanChromatic.Targets HoffmanChromatic.RoundedTarget
COMPILER_RUNTIME_ONLY Submodule.span._at.HoffmanChromatic.shiftedBinomialSpan._spec_1
CHECKED_DECLARATION HoffmanChromatic.SaddlePoint HoffmanChromatic.expLog.eq_1
CHECKED_DECLARATION HoffmanChromatic.Arithmetic HoffmanChromatic.rowRatio.eq_1
CHECKED_DECLARATION HoffmanChromatic.GibbsRate HoffmanChromatic.expMoment.eq_1
CHECKED_DECLARATION HoffmanChromatic.DetectorIndex HoffmanChromatic.binary_top_choose._proof_9
CHECKED_DECLARATION HoffmanChromatic.Uniform HoffmanChromatic.dyadic_real_cover._proof_1
CHECKED_DECLARATION HoffmanChromatic.Detector HoffmanChromatic.binaryDetector
CHECKED_DECLARATION HoffmanChromatic.SharpCertificates _private.HoffmanChromatic.SharpCertificates.0.HoffmanChromatic.log_six_right_E_x
COMPILER_RUNTIME_ONLY HoffmanChromatic.tailE6._closed_2._cstage2
COMPILER_RUNTIME_ONLY HoffmanChromatic.tailA7._closed_1._cstage2
CHECKED_DECLARATION HoffmanChromatic.MixturePolynomial HoffmanChromatic.recordN
CHECKED_DECLARATION HoffmanChromatic.DetectorIndex HoffmanChromatic.binomial_span_eq_shifted._proof_1
CHECKED_DECLARATION HoffmanChromatic.FiniteLaw HoffmanChromatic.FiniteLaw.mean_const
CHECKED_DECLARATION HoffmanChromatic.CoordinateFactor HoffmanChromatic.intervalLetter_injective
COMPILER_RUNTIME_ONLY HoffmanChromatic.FiniteLaw.sumObs._rarg._cstage2
CHECKED_DECLARATION HoffmanChromatic.Geometry HoffmanChromatic.rho
CHECKED_DECLARATION HoffmanChromatic.FiniteLaw HoffmanChromatic.FiniteLaw.mass_mono
CHECKED_DECLARATION HoffmanChromatic.SharpParameters HoffmanChromatic.tailE6.eq_1
CHECKED_DECLARATION HoffmanChromatic.NewtonData _private.HoffmanChromatic.NewtonData.0.HoffmanChromatic.newton_entry_7_0_3
COMPILER_RUNTIME_ONLY HoffmanChromatic.realE7._cstage2
CHECKED_DECLARATION HoffmanChromatic.NewtonData _private.HoffmanChromatic.NewtonData.0.HoffmanChromatic.newton_entry_7_2_2
CHECKED_DECLARATION HoffmanChromatic.SharpCrossing HoffmanChromatic.rateDelta_seven
CHECKED_DECLARATION HoffmanChromatic.Rounded HoffmanChromatic.rounded_chromatic._proof_3
CHECKED_DECLARATION HoffmanChromatic.DetectorIndex HoffmanChromatic.binary_top_choose._proof_7
COMPILER_RUNTIME_ONLY HoffmanChromatic.shiftedBinomialBasis._cstage2
CHECKED_DECLARATION HoffmanChromatic.DimensionCover HoffmanChromatic.zeroExtend_dist
CHECKED_DECLARATION HoffmanChromatic.GibbsRate HoffmanChromatic.expLaw
CHECKED_DECLARATION HoffmanChromatic.SharpCertificates _private.HoffmanChromatic.SharpCertificates.0.HoffmanChromatic.rate_seven_left_E
CHECKED_DECLARATION HoffmanChromatic.RateBracket HoffmanChromatic.logarithmicRate_bracket
CHECKED_DECLARATION HoffmanChromatic.RateConcavity HoffmanChromatic.logarithmicRate01_continuous
COMPILER_RUNTIME_ONLY HoffmanChromatic.realA7._cstage1
CHECKED_DECLARATION HoffmanChromatic.Uniform HoffmanChromatic.uniform_chromatic
CHECKED_DECLARATION HoffmanChromatic.RateCover HoffmanChromatic.rateMinorant
CHECKED_DECLARATION HoffmanChromatic.BinomialPolynomial HoffmanChromatic.binomialMassZ
CHECKED_DECLARATION HoffmanChromatic.SaddlePoint HoffmanChromatic.mean01_strictMonoOn
COMPILER_RUNTIME_ONLY HoffmanChromatic.mean7._closed_5._cstage2
COMPILER_RUNTIME_ONLY HoffmanChromatic.E6._cstage2
CHECKED_DECLARATION HoffmanChromatic.SharpParameters HoffmanChromatic.tailE7
COMPILER_RUNTIME_ONLY HoffmanChromatic.sqNorm._lambda_1._cstage2
CHECKED_DECLARATION HoffmanChromatic.CoefficientRatio HoffmanChromatic.coefficient_ratio_cancel
CHECKED_DECLARATION HoffmanChromatic.BinomialEntropy HoffmanChromatic.binomialMass_pos
COMPILER_RUNTIME_ONLY HoffmanChromatic.gibbsCounts._cstage1
CHECKED_DECLARATION HoffmanChromatic.BinomialEntropy HoffmanChromatic.bernoulliDivergence_upper
CHECKED_DECLARATION HoffmanChromatic.TypeChromatic HoffmanChromatic.fixed_type_subsequence
COMPILER_RUNTIME_ONLY HoffmanChromatic.H1._cstage1
CHECKED_DECLARATION HoffmanChromatic.DetectorIndex HoffmanChromatic.minimum_detector_index_iff
CHECKED_DECLARATION HoffmanChromatic.NewtonData _private.HoffmanChromatic.NewtonData.0.HoffmanChromatic.newton_entry_6_3_1
COMPILER_RUNTIME_ONLY HoffmanChromatic.recordZero._rarg._cstage2
COMPILER_RUNTIME_ONLY Finset.sum._at.HoffmanChromatic.layerLevel._spec_1
CHECKED_DECLARATION HoffmanChromatic.BinomialPolynomial HoffmanChromatic.binomialMass_le_one._proof_2
COMPILER_RUNTIME_ONLY HoffmanChromatic.handType2._cstage1
COMPILER_RUNTIME_ONLY HoffmanChromatic.handType0._closed_7._cstage2
CHECKED_DECLARATION HoffmanChromatic.InteriorCertificates _private.HoffmanChromatic.InteriorCertificates.0.HoffmanChromatic.log_six_055_Z
CHECKED_DECLARATION HoffmanChromatic.DetectorIndex HoffmanChromatic.full_window_detector_exists._proof_6
CHECKED_DECLARATION HoffmanChromatic.GibbsRate HoffmanChromatic.expMean_exists_unique
CHECKED_DECLARATION HoffmanChromatic.GibbsRate HoffmanChromatic.expLog
CHECKED_DECLARATION HoffmanChromatic.UniformRate HoffmanChromatic.delta6.eq_1
CHECKED_DECLARATION HoffmanChromatic.RateConcavity HoffmanChromatic.logarithmicRate01_le
CHECKED_DECLARATION HoffmanChromatic.SphericalLayer HoffmanChromatic.layerPoint_level._proof_1
CHECKED_DECLARATION HoffmanChromatic.NewtonData _private.HoffmanChromatic.NewtonData.0.HoffmanChromatic.newton_entry_7_2_4
COMPILER_RUNTIME_ONLY HoffmanChromatic.handType0._cstage1
CHECKED_DECLARATION HoffmanChromatic.BinomialPolynomial HoffmanChromatic.binomialMassZ_nonneg
CHECKED_DECLARATION HoffmanChromatic.SeriesBridge HoffmanChromatic.inverseSeries
COMPILER_RUNTIME_ONLY Nat.cast._at.HoffmanChromatic.binaryDetector._spec_1
CHECKED_DECLARATION HoffmanChromatic.FiniteLaw HoffmanChromatic.FiniteLaw.recOn
CHECKED_DECLARATION HoffmanChromatic.MixturePolynomial HoffmanChromatic.mixturePolynomial_coeff
CHECKED_DECLARATION HoffmanChromatic.NewtonData _private.HoffmanChromatic.NewtonData.0.HoffmanChromatic.newton_entry_7_2_5
CHECKED_DECLARATION HoffmanChromatic.NewtonData _private.HoffmanChromatic.NewtonData.0.HoffmanChromatic.newton_entry_6_1_0
COMPILER_RUNTIME_ONLY HoffmanChromatic.newtonExponent.match_1._cstage1
COMPILER_RUNTIME_ONLY HoffmanChromatic.detectorCoefficient._cstage1
COMPILER_RUNTIME_ONLY HoffmanChromatic.sevenWeight._cstage2
COMPILER_RUNTIME_ONLY HoffmanChromatic.binaryDetector._cstage1
CHECKED_DECLARATION HoffmanChromatic.TypeGrowth HoffmanChromatic.log_affine_nat_div_zero._proof_2
CHECKED_DECLARATION HoffmanChromatic.SharpCertificates _private.HoffmanChromatic.SharpCertificates.0.HoffmanChromatic.log_six_left_A_x
CHECKED_DECLARATION HoffmanChromatic.SaddlePoint _private.HoffmanChromatic.SaddlePoint.0.HoffmanChromatic.fullWeights01.match_1.splitter
COMPILER_RUNTIME_ONLY HoffmanChromatic.tailA7._closed_2._cstage2
CHECKED_DECLARATION HoffmanChromatic.SeriesBridge HoffmanChromatic.signedPower_detector
CHECKED_DECLARATION HoffmanChromatic.SharpCertificates _private.HoffmanChromatic.SharpCertificates.0.HoffmanChromatic.rate_six_right_A
CHECKED_DECLARATION HoffmanChromatic.FiniteLaw HoffmanChromatic.FiniteLaw.mk.inj
CHECKED_DECLARATION HoffmanChromatic.MixturePolynomial HoffmanChromatic.mixturePolynomial
CHECKED_DECLARATION HoffmanChromatic.FiniteLaw HoffmanChromatic.FiniteLaw.mass.eq_1
CHECKED_DECLARATION HoffmanChromatic.Arithmetic HoffmanChromatic.integer_witness_3
CHECKED_DECLARATION HoffmanChromatic.HandTypes HoffmanChromatic.hand_type_masses
CHECKED_DECLARATION HoffmanChromatic.MixturePolynomial HoffmanChromatic.recordW_mean
CHECKED_DECLARATION HoffmanChromatic.InteriorCertificates HoffmanChromatic.interior_minorant_5
CHECKED_DECLARATION HoffmanChromatic.TypeChromatic HoffmanChromatic.seven_type_coefficient_lower
CHECKED_DECLARATION HoffmanChromatic.NewtonData _private.HoffmanChromatic.NewtonData.0.HoffmanChromatic.newton_entry_7_0_0
CHECKED_DECLARATION HoffmanChromatic.SaddlePoint HoffmanChromatic.expMean01
CHECKED_DECLARATION HoffmanChromatic.DetectorIndex HoffmanChromatic.detectorCoefficient
CHECKED_DECLARATION HoffmanChromatic.DetectorIndex HoffmanChromatic.full_window_detector_exists._proof_3
CHECKED_DECLARATION HoffmanChromatic.FiniteLaw HoffmanChromatic.FiniteLaw.mean.eq_1
CHECKED_DECLARATION HoffmanChromatic.SaddlePoint HoffmanChromatic.fullWeights01
COMPILER_RUNTIME_ONLY HoffmanChromatic.typeEnergy._cstage1
COMPILER_RUNTIME_ONLY HoffmanChromatic.realA6._cstage2
CHECKED_DECLARATION HoffmanChromatic.Subsequence HoffmanChromatic.seven_weight_eval
CHECKED_DECLARATION HoffmanChromatic.Arithmetic HoffmanChromatic.A6.eq_1
CHECKED_DECLARATION HoffmanChromatic.SharpCertificates _private.HoffmanChromatic.SharpCertificates.0.HoffmanChromatic.log_six_right_A_x
COMPILER_RUNTIME_ONLY Finset.prod._at.HoffmanChromatic.typeDenom._spec_1._closed_1._cstage2
COMPILER_RUNTIME_ONLY Nat.cast._at.HoffmanChromatic.binaryDetector._spec_1._cstage2
COMPILER_RUNTIME_ONLY HoffmanChromatic.tau._closed_1._cstage2
COMPILER_RUNTIME_ONLY HoffmanChromatic.tailE7._closed_4._cstage2
COMPILER_RUNTIME_ONLY HoffmanChromatic.typeMass._cstage1
CHECKED_DECLARATION HoffmanChromatic.InteriorCertificates _private.HoffmanChromatic.InteriorCertificates.0.HoffmanChromatic.rate_six_055
CHECKED_DECLARATION HoffmanChromatic.FiniteLaw HoffmanChromatic.FiniteLaw.mass
CHECKED_DECLARATION HoffmanChromatic.SharpParameters HoffmanChromatic.tailA6
CHECKED_DECLARATION HoffmanChromatic.Targets HoffmanChromatic.Crossing._proof_4
CHECKED_DECLARATION HoffmanChromatic.NewtonData _private.HoffmanChromatic.NewtonData.0.HoffmanChromatic.newton_entry_7_5_5
CHECKED_DECLARATION HoffmanChromatic.DetectorIndex HoffmanChromatic.binary_top_choose
CHECKED_DECLARATION HoffmanChromatic.TypeLogBound HoffmanChromatic.typeMass_mix
CHECKED_DECLARATION HoffmanChromatic.SharpCertificates _private.HoffmanChromatic.SharpCertificates.0.HoffmanChromatic.log_seven_right_A_Z
COMPILER_RUNTIME_ONLY HoffmanChromatic.recordR._rarg._lambda_1._cstage2
CHECKED_DECLARATION HoffmanChromatic.MixturePolynomial HoffmanChromatic.recordN_mean
CHECKED_DECLARATION HoffmanChromatic.CoordinateFactor HoffmanChromatic.coordinateU
CHECKED_DECLARATION HoffmanChromatic.SaddlePoint HoffmanChromatic.expLog01
CHECKED_DECLARATION HoffmanChromatic.HandTypes HoffmanChromatic.typeDenom_pos
CHECKED_DECLARATION HoffmanChromatic.Alphabets HoffmanChromatic.alphabet_six_count
CHECKED_DECLARATION HoffmanChromatic.UniformEntropy HoffmanChromatic.massEntropy_mul._proof_1
COMPILER_RUNTIME_ONLY HoffmanChromatic.H2._closed_1._cstage2
CHECKED_DECLARATION HoffmanChromatic.MixturePolynomial HoffmanChromatic.recordW
CHECKED_DECLARATION HoffmanChromatic.MixturePolynomial HoffmanChromatic.recordLetterPolynomial.eq_1
COMPILER_RUNTIME_ONLY Finset.sum._at.HoffmanChromatic.FiniteLaw.sumObs._spec_1._rarg._cstage2
CHECKED_DECLARATION HoffmanChromatic.Geometry HoffmanChromatic.midpointCorrection
CHECKED_DECLARATION HoffmanChromatic.BinomialMode HoffmanChromatic.binomial_uniform_upper._proof_1
CHECKED_DECLARATION HoffmanChromatic.Geometry HoffmanChromatic.quarter_sphere_identity
CHECKED_DECLARATION HoffmanChromatic.SphericalLayer HoffmanChromatic.layerDetector_spec._proof_3
CHECKED_DECLARATION HoffmanChromatic.NewtonData _private.HoffmanChromatic.NewtonData.0.HoffmanChromatic.newton_entry_7_2_3
COMPILER_RUNTIME_ONLY HoffmanChromatic.binaryDetector._cstage2
CHECKED_DECLARATION HoffmanChromatic.FiniteLaw HoffmanChromatic.FiniteLaw.weight
COMPILER_RUNTIME_ONLY HoffmanChromatic.recordR._cstage1
CHECKED_DECLARATION HoffmanChromatic.DetectorIndex HoffmanChromatic.detectorCoefficient.eq_1
CHECKED_DECLARATION HoffmanChromatic.Alphabets HoffmanChromatic.countE6.eq_1
CHECKED_DECLARATION HoffmanChromatic.NewtonData _private.HoffmanChromatic.NewtonData.0.HoffmanChromatic.newton_entry_6_4_5
CHECKED_DECLARATION HoffmanChromatic.MixturePolynomial HoffmanChromatic.recordN_le
COMPILER_RUNTIME_ONLY HoffmanChromatic.handType1._cstage2
COMPILER_RUNTIME_ONLY Finset.sum._at.HoffmanChromatic.recordR._spec_1._cstage2
CHECKED_DECLARATION HoffmanChromatic.Rounded HoffmanChromatic.rounded_chromatic._proof_4
CHECKED_DECLARATION HoffmanChromatic.DetectorIndex HoffmanChromatic.prescribedDetector.eq_1
CHECKED_DECLARATION HoffmanChromatic.MultinomialRate HoffmanChromatic.gibbs_type_entropy
CHECKED_DECLARATION HoffmanChromatic.UniformRate HoffmanChromatic.delta7.eq_1
CHECKED_DECLARATION HoffmanChromatic.RateConcavity HoffmanChromatic.logarithmicRate01_concave
CHECKED_DECLARATION HoffmanChromatic.Uniform HoffmanChromatic.dyadic_real_cover
CHECKED_DECLARATION HoffmanChromatic.InteriorCertificates _private.HoffmanChromatic.InteriorCertificates.0.HoffmanChromatic.log_seven_068_Z
COMPILER_RUNTIME_ONLY HoffmanChromatic.tailE7._closed_2._cstage2
COMPILER_RUNTIME_ONLY _private.HoffmanChromatic.TiltedPolynomial.0.HoffmanChromatic.recordLetterPolynomial.match_1.splitter._cstage2
CHECKED_DECLARATION HoffmanChromatic.NewtonData _private.HoffmanChromatic.NewtonData.0.HoffmanChromatic.newton_entry_6_1_4
CHECKED_DECLARATION HoffmanChromatic.SharpCertificates HoffmanChromatic.logTaylorSum.eq_1
CHECKED_DECLARATION HoffmanChromatic.SphericalLayer HoffmanChromatic.layerPoint.eq_1
CHECKED_DECLARATION HoffmanChromatic.FiniteProduct HoffmanChromatic.FiniteLaw.iid._proof_2
CHECKED_DECLARATION HoffmanChromatic.DetectorIndex HoffmanChromatic.binomial_span_eq_shifted
CHECKED_DECLARATION HoffmanChromatic.DetectorIndex HoffmanChromatic.binary_top_choose._proof_3
COMPILER_RUNTIME_ONLY HoffmanChromatic.tailE6._cstage1
COMPILER_RUNTIME_ONLY HoffmanChromatic.prescribedDetector._closed_5._cstage2
CHECKED_DECLARATION HoffmanChromatic.Targets HoffmanChromatic.realE7
CHECKED_DECLARATION HoffmanChromatic.CoordinateFactor HoffmanChromatic.newton_factor
CHECKED_DECLARATION HoffmanChromatic.DetectorIndex HoffmanChromatic.binary_top_choose._proof_2
CHECKED_DECLARATION HoffmanChromatic.SharpCertificates _private.HoffmanChromatic.SharpCertificates.0.HoffmanChromatic.log_base_upper
COMPILER_RUNTIME_ONLY HoffmanChromatic.prescribedDetector._cstage2
CHECKED_DECLARATION HoffmanChromatic.BinomialPolynomial HoffmanChromatic.binomial_central_bounds_Z._proof_3
CHECKED_DECLARATION HoffmanChromatic.SharpCertificates _private.HoffmanChromatic.SharpCertificates.0.HoffmanChromatic.log_base_lower
CHECKED_DECLARATION HoffmanChromatic.SaddlePoint HoffmanChromatic.partition_log_tangent
CHECKED_DECLARATION HoffmanChromatic.NewtonData _private.HoffmanChromatic.NewtonData.0.HoffmanChromatic.newton_entry_7_3_4
CHECKED_DECLARATION HoffmanChromatic.DetectorIndex HoffmanChromatic.binomial_transform_prescribed._proof_3
COMPILER_RUNTIME_ONLY HoffmanChromatic.sqDistance._cstage1
CHECKED_DECLARATION HoffmanChromatic.CoefficientEstimates HoffmanChromatic.natEval.eq_1
CHECKED_DECLARATION HoffmanChromatic.Arithmetic HoffmanChromatic.subsequence_E_upper
CHECKED_DECLARATION HoffmanChromatic.NewtonData _private.HoffmanChromatic.NewtonData.0.HoffmanChromatic.newton_entry_6_3_4
CHECKED_DECLARATION HoffmanChromatic.Targets HoffmanChromatic.delta6._proof_3
COMPILER_RUNTIME_ONLY Multiset.sum._at.HoffmanChromatic.layerLevel._spec_2._cstage2
CHECKED_DECLARATION HoffmanChromatic.InteriorCertificates _private.HoffmanChromatic.InteriorCertificates.0.HoffmanChromatic.log_six_055_x
COMPILER_RUNTIME_ONLY HoffmanChromatic.recordN._rarg._closed_1._cstage2
CHECKED_DECLARATION HoffmanChromatic.RateCover HoffmanChromatic.rateDelta_continuous
CHECKED_DECLARATION HoffmanChromatic.RankColoring HoffmanChromatic.rank_submatrix_mono
CHECKED_DECLARATION HoffmanChromatic.HandTypes HoffmanChromatic.hand_score_2
CHECKED_DECLARATION HoffmanChromatic.RateCover HoffmanChromatic.rateMinorant_box_lower
CHECKED_DECLARATION HoffmanChromatic.BinomialPolynomial HoffmanChromatic.bernoulliPolynomial.eq_1
CHECKED_DECLARATION HoffmanChromatic.SharpCertificates _private.HoffmanChromatic.SharpCertificates.0.HoffmanChromatic.log_six_right_E_Z
CHECKED_DECLARATION HoffmanChromatic.Arithmetic HoffmanChromatic.H3
COMPILER_RUNTIME_ONLY HoffmanChromatic.handType2._closed_4._cstage2
CHECKED_DECLARATION HoffmanChromatic.MultinomialCount HoffmanChromatic.multinomial_le_layer_coefficient._proof_2
CHECKED_DECLARATION HoffmanChromatic.SaddlePoint HoffmanChromatic.saddle_exists_unique
COMPILER_RUNTIME_ONLY HoffmanChromatic.handType0._closed_2._cstage2
CHECKED_DECLARATION HoffmanChromatic.FiniteLaw HoffmanChromatic.FiniteLaw.mean_mul_const
CHECKED_DECLARATION HoffmanChromatic.Counting HoffmanChromatic.layer_card_eq_coefficient
COMPILER_RUNTIME_ONLY HoffmanChromatic.sevenWeight._closed_2._cstage2
CHECKED_DECLARATION HoffmanChromatic.DimensionCover HoffmanChromatic.colorable_of_dimension_le
CHECKED_DECLARATION HoffmanChromatic.FiniteLaw HoffmanChromatic.FiniteLaw.rec
CHECKED_DECLARATION HoffmanChromatic.Geometry HoffmanChromatic.consecutive_product_nonneg._proof_3
COMPILER_RUNTIME_ONLY HoffmanChromatic.layerPoint._cstage1
COMPILER_RUNTIME_ONLY Nat.cast._at.HoffmanChromatic.binaryDetector._spec_1._closed_1._cstage2
CHECKED_DECLARATION HoffmanChromatic.TiltedPolynomial _private.HoffmanChromatic.TiltedPolynomial.0._proof_1
CHECKED_DECLARATION HoffmanChromatic.FiniteLaw HoffmanChromatic.FiniteLaw.mean_const_mul
CHECKED_DECLARATION HoffmanChromatic.BinomialEntropy HoffmanChromatic.bernoulliDivergence
CHECKED_DECLARATION HoffmanChromatic.MultinomialRate HoffmanChromatic.gibbs_type_entropy._proof_1
CHECKED_DECLARATION HoffmanChromatic.UniformEntropy HoffmanChromatic.multinomial_entropy_lower
COMPILER_RUNTIME_ONLY HoffmanChromatic.rowRatio._closed_8._cstage2
CHECKED_DECLARATION HoffmanChromatic.TypeChromatic HoffmanChromatic.seven_type_normalized_bound._proof_1
CHECKED_DECLARATION HoffmanChromatic.TypeLogBound HoffmanChromatic.seven_type_log_bound
CHECKED_DECLARATION HoffmanChromatic.SeriesBridge HoffmanChromatic.signedPower.eq_1
COMPILER_RUNTIME_ONLY HoffmanChromatic.H3._cstage1
CHECKED_DECLARATION HoffmanChromatic.NewtonData _private.HoffmanChromatic.NewtonData.0.HoffmanChromatic.newton_entry_7_3_0
CHECKED_DECLARATION HoffmanChromatic.NewtonData _private.HoffmanChromatic.NewtonData.0.HoffmanChromatic.newton_entry_6_5_2
COMPILER_RUNTIME_ONLY HoffmanChromatic.layerDetector._cstage2
CHECKED_DECLARATION HoffmanChromatic.HandTypes HoffmanChromatic.handType2
COMPILER_RUNTIME_ONLY Multiset.sum._at.HoffmanChromatic.layerLevel._spec_2._closed_2._cstage2
CHECKED_DECLARATION HoffmanChromatic.Alphabets HoffmanChromatic.countA7
CHECKED_DECLARATION HoffmanChromatic.InteriorCertificates HoffmanChromatic.interior_minorant_4
CHECKED_DECLARATION HoffmanChromatic.SharpParameters HoffmanChromatic.partition01_A6
CHECKED_DECLARATION HoffmanChromatic.NewtonData _private.HoffmanChromatic.NewtonData.0.HoffmanChromatic.newton_entry_7_5_4
CHECKED_DECLARATION HoffmanChromatic.EuclideanBridge HoffmanChromatic.scaledPoint_unit_distance
CHECKED_DECLARATION HoffmanChromatic.SharpCertificates HoffmanChromatic.crossing_row_six_right
CHECKED_DECLARATION HoffmanChromatic.MixturePolynomial HoffmanChromatic.recordZero.eq_1
CHECKED_DECLARATION HoffmanChromatic.BinomialMode HoffmanChromatic.binomialMass_recurrence._proof_1
COMPILER_RUNTIME_ONLY HoffmanChromatic.FiniteLaw.sumObs._rarg._lambda_1._cstage2
CHECKED_DECLARATION HoffmanChromatic.Rounded HoffmanChromatic.rounded_chromatic._proof_2
COMPILER_RUNTIME_ONLY Multiset.sum._at.HoffmanChromatic.binomialExpansion._spec_2
CHECKED_DECLARATION HoffmanChromatic.RateCover HoffmanChromatic.rateMinorant_eq
CHECKED_DECLARATION HoffmanChromatic.SharpCertificates HoffmanChromatic.crossing_row_seven_left
CHECKED_DECLARATION HoffmanChromatic.MixtureCoefficient HoffmanChromatic.mixture_coefficient_bounds._proof_1
CHECKED_DECLARATION HoffmanChromatic.SharpCertificates _private.HoffmanChromatic.SharpCertificates.0.HoffmanChromatic.rate_seven_right_A
CHECKED_DECLARATION HoffmanChromatic.TypeLogBound HoffmanChromatic.seven_type_log_bound._proof_2
CHECKED_DECLARATION HoffmanChromatic.MultinomialCount HoffmanChromatic.type_with_ones_lower
CHECKED_DECLARATION HoffmanChromatic.DetectorIndex HoffmanChromatic.binary_top_choose._proof_12
CHECKED_DECLARATION HoffmanChromatic.StirlingBounds HoffmanChromatic.logFactorialError._proof_1
COMPILER_RUNTIME_ONLY _private.HoffmanChromatic.TiltedPolynomial.0.HoffmanChromatic.recordLetterPolynomial.match_1.splitter._rarg._cstage2
CHECKED_DECLARATION HoffmanChromatic.BinomialPolynomial HoffmanChromatic.shifted_bernoulli_coeff._proof_1
CHECKED_DECLARATION HoffmanChromatic.NewtonData _private.HoffmanChromatic.NewtonData.0.HoffmanChromatic.newton_entry_7_0_6
CHECKED_DECLARATION HoffmanChromatic.Subsequence HoffmanChromatic.letterWeight.eq_1
CHECKED_DECLARATION HoffmanChromatic.BinomialPolynomial HoffmanChromatic.binomialMass_le_one._proof_1
CHECKED_DECLARATION HoffmanChromatic.FiniteProduct HoffmanChromatic.FiniteLaw.sumObs
CHECKED_DECLARATION HoffmanChromatic.SphericalLayer HoffmanChromatic.layerPoint_level
COMPILER_RUNTIME_ONLY HoffmanChromatic.mean7._cstage2
COMPILER_RUNTIME_ONLY HoffmanChromatic.tailE7._cstage1
CHECKED_DECLARATION HoffmanChromatic.TiltedPolynomial HoffmanChromatic.partition01.eq_1
CHECKED_DECLARATION HoffmanChromatic.TiltedPolynomial HoffmanChromatic.tiltedRecord_polynomial._proof_5
CHECKED_DECLARATION HoffmanChromatic.BinomialPolynomial HoffmanChromatic.shifted_bernoulli_coeff._proof_2
CHECKED_DECLARATION HoffmanChromatic.NewtonData _private.HoffmanChromatic.NewtonData.0.HoffmanChromatic.newton_entry_7_4_0
COMPILER_RUNTIME_ONLY HoffmanChromatic.rowRatio._cstage1
CHECKED_DECLARATION HoffmanChromatic.CoefficientRatio HoffmanChromatic.uniform_polynomial_chromatic_bound._proof_2
CHECKED_DECLARATION HoffmanChromatic.MixturePolynomial HoffmanChromatic.recordMean
CHECKED_DECLARATION HoffmanChromatic.TypeChromatic HoffmanChromatic.fixed_type_subsequence._proof_3
CHECKED_DECLARATION HoffmanChromatic.LogEnclosure HoffmanChromatic.logError._proof_1
CHECKED_DECLARATION HoffmanChromatic.SharpCertificates _private.HoffmanChromatic.SharpCertificates.0.HoffmanChromatic.log_seven_right_E_Z
CHECKED_DECLARATION HoffmanChromatic.DirectStatements HoffmanChromatic.Direct.direct_colouring_bound
COMPILER_RUNTIME_ONLY HoffmanChromatic.realPoint._cstage2
CHECKED_DECLARATION HoffmanChromatic.CoordinateFactor HoffmanChromatic.shifted_kernel
COMPILER_RUNTIME_ONLY HoffmanChromatic.newtonExponent._cstage1
CHECKED_DECLARATION HoffmanChromatic.Subsequence HoffmanChromatic.intervalLetter.eq_1
CHECKED_DECLARATION HoffmanChromatic.InteriorCertificates _private.HoffmanChromatic.InteriorCertificates.0.HoffmanChromatic.log_interior_1_s
CHECKED_DECLARATION HoffmanChromatic.SharpParameters HoffmanChromatic.partition01_E6
CHECKED_DECLARATION HoffmanChromatic.Geometry HoffmanChromatic.layer_distance_bound._proof_1
CHECKED_DECLARATION HoffmanChromatic.Subsequence HoffmanChromatic.gibbsCounts_energy_pos
COMPILER_RUNTIME_ONLY HoffmanChromatic.recordZero._cstage2
CHECKED_DECLARATION HoffmanChromatic.UniformEntropy HoffmanChromatic.massEntropy_nat
CHECKED_DECLARATION HoffmanChromatic.UniformEntropy HoffmanChromatic.typeEntropy_mix._proof_1
CHECKED_DECLARATION HoffmanChromatic.TypeChromatic HoffmanChromatic.fixed_type_subsequence._proof_1
CHECKED_DECLARATION HoffmanChromatic.Counting HoffmanChromatic.weightPolynomial_pow
CHECKED_DECLARATION HoffmanChromatic.Rounded HoffmanChromatic.rounded_error_absorption
CHECKED_DECLARATION HoffmanChromatic.NewtonData _private.HoffmanChromatic.NewtonData.0.HoffmanChromatic.newton_entry_6_2_4
CHECKED_DECLARATION HoffmanChromatic.DetectorIndex HoffmanChromatic.binomial_transform_annihilates
CHECKED_DECLARATION HoffmanChromatic.Targets HoffmanChromatic.SubsequenceTarget._proof_12
CHECKED_DECLARATION HoffmanChromatic.DetectorIndex HoffmanChromatic.binary_top_choose._proof_11
CHECKED_DECLARATION HoffmanChromatic.FiniteProduct HoffmanChromatic.FiniteLaw.iid_mean_sum
CHECKED_DECLARATION HoffmanChromatic.TypeChromatic HoffmanChromatic.typeMass.eq_1
CHECKED_DECLARATION HoffmanChromatic.Alphabets HoffmanChromatic.rank_seven_count
CHECKED_DECLARATION HoffmanChromatic.TiltedPolynomial HoffmanChromatic.partition01_pos
CHECKED_DECLARATION HoffmanChromatic.Subsequence HoffmanChromatic.gibbsCounts_positive_margin
COMPILER_RUNTIME_ONLY Finset.prod._at.HoffmanChromatic.typeDenom._spec_1
CHECKED_DECLARATION HoffmanChromatic.Geometry HoffmanChromatic.layer_distance_bound
CHECKED_DECLARATION HoffmanChromatic.MixturePolynomial HoffmanChromatic.recordN.eq_1
CHECKED_DECLARATION HoffmanChromatic.DetectorIndex HoffmanChromatic.detector_nonzero_coefficient_le._proof_4
CHECKED_DECLARATION HoffmanChromatic.NewtonData _private.HoffmanChromatic.NewtonData.0.HoffmanChromatic.newton_entry_7_1_1
CHECKED_DECLARATION HoffmanChromatic.GibbsRate HoffmanChromatic.expLog_minimum
CHECKED_DECLARATION HoffmanChromatic.NewtonData _private.HoffmanChromatic.NewtonData.0.HoffmanChromatic.newton_entry_7_1_0
CHECKED_DECLARATION HoffmanChromatic.GibbsRate HoffmanChromatic.expMean.eq_1
CHECKED_DECLARATION HoffmanChromatic.SeriesBridge HoffmanChromatic.onePlusUnit.eq_1
CHECKED_DECLARATION HoffmanChromatic.Uniform HoffmanChromatic.uniform_chromatic._proof_3
CHECKED_DECLARATION HoffmanChromatic.DirectStatements HoffmanChromatic.Direct.rate6
CHECKED_DECLARATION HoffmanChromatic.NewtonData _private.HoffmanChromatic.NewtonData.0.HoffmanChromatic.newton_entry_7_2_6
COMPILER_RUNTIME_ONLY HoffmanChromatic.letterWeight._cstage2
CHECKED_DECLARATION HoffmanChromatic.Geometry HoffmanChromatic.consecutive_product_nonneg._proof_2
COMPILER_RUNTIME_ONLY HoffmanChromatic.typeEnergy._lambda_1._cstage2
CHECKED_DECLARATION HoffmanChromatic.Subsequence HoffmanChromatic.gibbsCounts
COMPILER_RUNTIME_ONLY HoffmanChromatic.rowRatio._closed_6._cstage2
CHECKED_DECLARATION HoffmanChromatic.MultinomialCount HoffmanChromatic.coefficient_mul_lower
CHECKED_DECLARATION HoffmanChromatic.InteriorCertificates HoffmanChromatic.interior_minorant_3
CHECKED_DECLARATION HoffmanChromatic.NewtonData _private.HoffmanChromatic.NewtonData.0.HoffmanChromatic.newton_entry_7_0_2
CHECKED_DECLARATION HoffmanChromatic.MixturePolynomial HoffmanChromatic.recordZero
CHECKED_DECLARATION HoffmanChromatic.TiltedPolynomial HoffmanChromatic.partition01
COMPILER_RUNTIME_ONLY HoffmanChromatic.shiftedBinomialSpan._cstage2
COMPILER_RUNTIME_ONLY HoffmanChromatic.handType2._closed_1._cstage2
CHECKED_DECLARATION HoffmanChromatic.Arithmetic HoffmanChromatic.E6.eq_1
CHECKED_DECLARATION HoffmanChromatic.BinomialPolynomial HoffmanChromatic.binomialMass_nonneg
CHECKED_DECLARATION HoffmanChromatic.Rounded HoffmanChromatic.rounded_chromatic._proof_7
CHECKED_DECLARATION HoffmanChromatic.DetectorIndex HoffmanChromatic.shifted_binomial_prefix
CHECKED_DECLARATION HoffmanChromatic.DetectorIndex HoffmanChromatic.HasBinomialDetector.eq_1
CHECKED_DECLARATION HoffmanChromatic.GibbsRate HoffmanChromatic.expLaw.eq_1
CHECKED_DECLARATION HoffmanChromatic.DirectStatements HoffmanChromatic.Direct.direct_uniform
CHECKED_DECLARATION HoffmanChromatic.MixturePolynomial _private.HoffmanChromatic.MixturePolynomial.0.HoffmanChromatic.recordLetterPolynomial.match_1.splitter
CHECKED_DECLARATION HoffmanChromatic.Rounded HoffmanChromatic.rounded_chromatic
CHECKED_DECLARATION HoffmanChromatic.SeriesBridge HoffmanChromatic.coeff_onePlus_pow
CHECKED_DECLARATION HoffmanChromatic.NewtonData _private.HoffmanChromatic.NewtonData.0.HoffmanChromatic.newton_entry_7_6_6
COMPILER_RUNTIME_ONLY HoffmanChromatic.tailA7._closed_4._cstage2
COMPILER_RUNTIME_ONLY HoffmanChromatic.sevenWeight._cstage1
COMPILER_RUNTIME_ONLY HoffmanChromatic.handType1._closed_2._cstage2
CHECKED_DECLARATION HoffmanChromatic.GibbsRate HoffmanChromatic.expLog_deriv
CHECKED_DECLARATION HoffmanChromatic.RateConcavity HoffmanChromatic.logarithmicRate01_nonneg
CHECKED_DECLARATION HoffmanChromatic.DetectorIndex HoffmanChromatic.binomialBasis.eq_1
COMPILER_RUNTIME_ONLY HoffmanChromatic.E6._cstage1
CHECKED_DECLARATION HoffmanChromatic.MixtureUpper HoffmanChromatic.binomialMixture
CHECKED_DECLARATION HoffmanChromatic.TypeGrowth HoffmanChromatic.affine_nat_div_rate
COMPILER_RUNTIME_ONLY HoffmanChromatic.letterWeight._cstage1
CHECKED_DECLARATION HoffmanChromatic.TypeChromatic HoffmanChromatic.fixed_type_subsequence._proof_2
CHECKED_DECLARATION HoffmanChromatic.Subsequence HoffmanChromatic.real_subsequence_arithmetic
COMPILER_RUNTIME_ONLY HoffmanChromatic.H3._closed_1._cstage2
COMPILER_RUNTIME_ONLY HoffmanChromatic.prescribedDetector._closed_2._cstage2
CHECKED_DECLARATION HoffmanChromatic.Geometry HoffmanChromatic.level_sub_norm_even
CHECKED_DECLARATION HoffmanChromatic.NewtonData _private.HoffmanChromatic.NewtonData.0.HoffmanChromatic.newton_entry_7_4_4
CHECKED_DECLARATION HoffmanChromatic.SphericalLayer HoffmanChromatic.tau_nonneg
COMPILER_RUNTIME_ONLY HoffmanChromatic.FiniteLaw.sumObs._rarg._closed_1._cstage2
CHECKED_DECLARATION HoffmanChromatic.InteriorCertificates _private.HoffmanChromatic.InteriorCertificates.0.HoffmanChromatic.log_interior_4_Z
CHECKED_DECLARATION HoffmanChromatic.MultinomialCount HoffmanChromatic.multinomial_le_layer_coefficient._proof_3
CHECKED_DECLARATION HoffmanChromatic.Geometry HoffmanChromatic.layer_rho_spec
COMPILER_RUNTIME_ONLY _private.HoffmanChromatic.SaddlePoint.0.HoffmanChromatic.fullWeights01.match_1.splitter._rarg._cstage2
CHECKED_DECLARATION HoffmanChromatic.Arithmetic HoffmanChromatic.integer_witness_2
COMPILER_RUNTIME_ONLY HoffmanChromatic.intervalLetter._rarg._cstage2
COMPILER_RUNTIME_ONLY HoffmanChromatic.rowRatio._closed_3._cstage2
COMPILER_RUNTIME_ONLY HoffmanChromatic.layerLevel._closed_1._cstage2
CHECKED_DECLARATION HoffmanChromatic.SharpCrossing HoffmanChromatic.crossing_six_increasing
CHECKED_DECLARATION HoffmanChromatic.FiniteLaw HoffmanChromatic.FiniteLaw
CHECKED_DECLARATION HoffmanChromatic.TiltedPolynomial HoffmanChromatic.tiltedRecord_mean
CHECKED_DECLARATION HoffmanChromatic.Alphabets HoffmanChromatic.finite_seven_real
CHECKED_DECLARATION HoffmanChromatic.GibbsRate HoffmanChromatic.expMean_deriv
COMPILER_RUNTIME_ONLY HoffmanChromatic.binomialBasis._cstage2
CHECKED_DECLARATION HoffmanChromatic.Rounded HoffmanChromatic.rounded_chromatic._proof_5
COMPILER_RUNTIME_ONLY HoffmanChromatic.FiniteLaw.sumObs._cstage1
CHECKED_DECLARATION HoffmanChromatic.NewtonData _private.HoffmanChromatic.NewtonData.0.HoffmanChromatic.newton_entry_6_0_1
COMPILER_RUNTIME_ONLY HoffmanChromatic.typeDenom._lambda_1._cstage2
CHECKED_DECLARATION HoffmanChromatic.TiltedPolynomial HoffmanChromatic.recordMean.eq_1
CHECKED_DECLARATION HoffmanChromatic.GibbsRate HoffmanChromatic.expLog_tangent
CHECKED_DECLARATION HoffmanChromatic.MixturePolynomial _private.HoffmanChromatic.MixturePolynomial.0.HoffmanChromatic.recordLetterPolynomial.match_1.eq_1
COMPILER_RUNTIME_ONLY HoffmanChromatic.midpointCorrection._cstage1
COMPILER_RUNTIME_ONLY HoffmanChromatic.A6._closed_1._cstage2
CHECKED_DECLARATION HoffmanChromatic.CoefficientRank HoffmanChromatic.coeff_shifted_product._proof_1
CHECKED_DECLARATION HoffmanChromatic.SharpCover HoffmanChromatic.sharp_rate_cover
CHECKED_DECLARATION HoffmanChromatic.DirectStatements HoffmanChromatic.Direct.direct_rounded
CHECKED_DECLARATION HoffmanChromatic.TiltedPolynomial HoffmanChromatic.tiltedRecordLaw.match_1
COMPILER_RUNTIME_ONLY Multiset.sum._at.HoffmanChromatic.layerLevel._spec_2._closed_1._cstage2
COMPILER_RUNTIME_ONLY HoffmanChromatic.tailA6._closed_1._cstage2
CHECKED_DECLARATION HoffmanChromatic.GibbsRate HoffmanChromatic.expMoment
CHECKED_DECLARATION HoffmanChromatic.SharpCrossing HoffmanChromatic.crossingLeft._proof_2
CHECKED_DECLARATION HoffmanChromatic.Alphabets HoffmanChromatic.weightedCount
CHECKED_DECLARATION HoffmanChromatic.LogEnclosure HoffmanChromatic.logApprox
CHECKED_DECLARATION HoffmanChromatic.UniformEntropy HoffmanChromatic.typeEntropy_mix._proof_2
CHECKED_DECLARATION HoffmanChromatic.Targets HoffmanChromatic.realE6
CHECKED_DECLARATION HoffmanChromatic.TiltedPolynomial HoffmanChromatic.countPolynomial01.eq_1
COMPILER_RUNTIME_ONLY HoffmanChromatic.H1._cstage2
CHECKED_DECLARATION HoffmanChromatic.EuclideanBridge HoffmanChromatic.realPoint
COMPILER_RUNTIME_ONLY HoffmanChromatic.typeDenom._cstage1
COMPILER_RUNTIME_ONLY HoffmanChromatic.binomialSpan._cstage1
CHECKED_DECLARATION HoffmanChromatic.FiniteBound HoffmanChromatic.rankCount
CHECKED_DECLARATION HoffmanChromatic.TypeLogBound HoffmanChromatic.typeScore
COMPILER_RUNTIME_ONLY HoffmanChromatic.newtonU.match_1._cstage1
CHECKED_DECLARATION HoffmanChromatic.FiniteProduct HoffmanChromatic.FiniteLaw.iid_second_moment_zero
CHECKED_DECLARATION HoffmanChromatic.TiltedPolynomial HoffmanChromatic.tiltedRecord_coefficient._proof_4
CHECKED_DECLARATION HoffmanChromatic.NewtonData _private.HoffmanChromatic.NewtonData.0.HoffmanChromatic.newton_entry_7_0_4
CHECKED_DECLARATION HoffmanChromatic.GibbsRate HoffmanChromatic.expLaw._proof_2
CHECKED_DECLARATION HoffmanChromatic.NewtonData _private.HoffmanChromatic.NewtonData.0.HoffmanChromatic.newton_entry_6_0_3
CHECKED_DECLARATION HoffmanChromatic.MixturePolynomial HoffmanChromatic.recordZero.eq_2
CHECKED_DECLARATION HoffmanChromatic.SharpCrossing HoffmanChromatic.crossing_seven_decreasing
COMPILER_RUNTIME_ONLY HoffmanChromatic.binomialExpansion._cstage2
CHECKED_DECLARATION HoffmanChromatic.CoordinateFactor HoffmanChromatic.intervalLetter
COMPILER_RUNTIME_ONLY HoffmanChromatic.detectorCoefficient._closed_1._cstage2
COMPILER_RUNTIME_ONLY HoffmanChromatic.handType0._closed_1._cstage2
CHECKED_DECLARATION HoffmanChromatic.SphericalLayer HoffmanChromatic.layerPoint
CHECKED_DECLARATION HoffmanChromatic.FiniteBound HoffmanChromatic.layerDetector_rank_bound
CHECKED_DECLARATION HoffmanChromatic.TypeChromatic HoffmanChromatic.typeEnergy
CHECKED_DECLARATION HoffmanChromatic.DetectorIndex HoffmanChromatic.full_window_detector_exists._proof_5
COMPILER_RUNTIME_ONLY HoffmanChromatic.A7._cstage2
CHECKED_DECLARATION HoffmanChromatic.Targets HoffmanChromatic.unitDistanceGraph._proof_2
CHECKED_DECLARATION HoffmanChromatic.TiltedPolynomial HoffmanChromatic.countPolynomial01_eval
CHECKED_DECLARATION HoffmanChromatic.SphericalLayer HoffmanChromatic.layerDetector_spec._proof_2
COMPILER_RUNTIME_ONLY HoffmanChromatic.gibbsCounts._cstage2
CHECKED_DECLARATION HoffmanChromatic.CoefficientRank HoffmanChromatic.coefficientMatrix.eq_1
CHECKED_DECLARATION HoffmanChromatic.Arithmetic HoffmanChromatic.E6
CHECKED_DECLARATION HoffmanChromatic.NewtonData _private.HoffmanChromatic.NewtonData.0.HoffmanChromatic.newton_entry_7_4_5
CHECKED_DECLARATION HoffmanChromatic.NewtonData HoffmanChromatic.newton_factor_6
CHECKED_DECLARATION HoffmanChromatic.Rounded HoffmanChromatic.rounded_chromatic._proof_1
CHECKED_DECLARATION HoffmanChromatic.NewtonData HoffmanChromatic.newtonExponent
CHECKED_DECLARATION HoffmanChromatic.RateConcavity HoffmanChromatic.logarithmicRate01_nonempty
COMPILER_RUNTIME_ONLY Finset.sum._at.HoffmanChromatic.layerLevel._spec_1._cstage2
COMPILER_RUNTIME_ONLY HoffmanChromatic.recordValue._cstage1
CHECKED_DECLARATION HoffmanChromatic.DimensionCover HoffmanChromatic.dyadic_layer_cover._proof_5
CHECKED_DECLARATION HoffmanChromatic.NewtonData _private.HoffmanChromatic.NewtonData.0.HoffmanChromatic.newton_entry_6_4_1
COMPILER_RUNTIME_ONLY HoffmanChromatic.tau._cstage1
CHECKED_DECLARATION HoffmanChromatic.FiniteLaw HoffmanChromatic.FiniteLaw._sizeOf_1
CHECKED_DECLARATION HoffmanChromatic.FiniteLaw HoffmanChromatic.FiniteLaw.mk.injEq
CHECKED_DECLARATION HoffmanChromatic.BinomialWindow HoffmanChromatic.binomial_window_bounds
CHECKED_DECLARATION HoffmanChromatic.DetectorIndex HoffmanChromatic.binomial_shifted_succ
COMPILER_RUNTIME_ONLY Submodule.span._at.HoffmanChromatic.binomialSpan._spec_1._lambda_1._cstage2
CHECKED_DECLARATION HoffmanChromatic.BinomialMode HoffmanChromatic.binomial_mode_central._proof_4
CHECKED_DECLARATION HoffmanChromatic.TiltedPolynomial _private.HoffmanChromatic.TiltedPolynomial.0.HoffmanChromatic.tiltedRecordLaw.match_1.eq_1
CHECKED_DECLARATION HoffmanChromatic.GibbsRate HoffmanChromatic.expLaw._proof_1
COMPILER_RUNTIME_ONLY Finset.sum._at.HoffmanChromatic.sqDistance._spec_1
CHECKED_DECLARATION HoffmanChromatic.SeriesBridge HoffmanChromatic.signedPower_neg_one_coeff
CHECKED_DECLARATION HoffmanChromatic.BinomialMode HoffmanChromatic.binomialMass_recurrence
COMPILER_RUNTIME_ONLY HoffmanChromatic.tailE7._closed_3._cstage2
CHECKED_DECLARATION HoffmanChromatic.SharpParameters HoffmanChromatic.tailE7.eq_1
CHECKED_DECLARATION HoffmanChromatic.MixedCover HoffmanChromatic.mixed_hand_cover._proof_7
CHECKED_DECLARATION HoffmanChromatic.TiltedPolynomial HoffmanChromatic.tiltedRecord_coefficient
CHECKED_DECLARATION HoffmanChromatic.FiniteProduct HoffmanChromatic.FiniteLaw.variance_le_sq_of_bounds._proof_3
CHECKED_DECLARATION HoffmanChromatic.Detector HoffmanChromatic.binaryDetector_spec._proof_1
CHECKED_DECLARATION HoffmanChromatic.HandTypes HoffmanChromatic.typeDenom.eq_1
CHECKED_DECLARATION HoffmanChromatic.NewtonData _private.HoffmanChromatic.NewtonData.0.HoffmanChromatic.newton_entry_6_3_5
COMPILER_RUNTIME_ONLY HoffmanChromatic.tailA7._closed_3._cstage2
CHECKED_DECLARATION HoffmanChromatic.SphericalLayer HoffmanChromatic.instFintypeSphericalLayer
CHECKED_DECLARATION HoffmanChromatic.SphericalLayer HoffmanChromatic.layerPoint_injective
CHECKED_DECLARATION HoffmanChromatic.DetectorIndex HoffmanChromatic.binomial_transform_prescribed
COMPILER_RUNTIME_ONLY HoffmanChromatic.binomialExpansion._lambda_1._cstage2
COMPILER_RUNTIME_ONLY HoffmanChromatic.layerLevel._cstage2
CHECKED_DECLARATION HoffmanChromatic.SharpCrossing HoffmanChromatic.crossingRight.eq_1
CHECKED_DECLARATION HoffmanChromatic.EuclideanBridge HoffmanChromatic.scaledPoint
CHECKED_DECLARATION HoffmanChromatic.NewtonData _private.HoffmanChromatic.NewtonData.0.HoffmanChromatic.newton_entry_7_4_6
CHECKED_DECLARATION HoffmanChromatic.DetectorIndex HoffmanChromatic.full_window_detector_exists._proof_4
CHECKED_DECLARATION HoffmanChromatic.NewtonData _private.HoffmanChromatic.NewtonData.0.HoffmanChromatic.newton_entry_6_4_0
CHECKED_DECLARATION HoffmanChromatic.SaddlePoint _private.HoffmanChromatic.SaddlePoint.0.HoffmanChromatic.fullWeights01.match_1.eq_3
CHECKED_DECLARATION HoffmanChromatic.SeriesBridge HoffmanChromatic.inverseSeries_pow
CHECKED_DECLARATION HoffmanChromatic.UniformRate HoffmanChromatic.uniform_rate_from_brackets._proof_1
COMPILER_RUNTIME_ONLY HoffmanChromatic.recordR._rarg._cstage2
CHECKED_DECLARATION HoffmanChromatic.Rounded HoffmanChromatic.rounded_chromatic._proof_6
CHECKED_DECLARATION HoffmanChromatic.NewtonData HoffmanChromatic.reduceSeriesNat
CHECKED_DECLARATION HoffmanChromatic.TiltedPolynomial HoffmanChromatic.bernoulliParameter
CHECKED_DECLARATION HoffmanChromatic.TypeLogBound HoffmanChromatic.typeEnergy_mix
COMPILER_RUNTIME_ONLY HoffmanChromatic.tailA6._closed_4._cstage2
CHECKED_DECLARATION HoffmanChromatic.NewtonData _private.HoffmanChromatic.NewtonData.0.HoffmanChromatic.newton_entry_7_4_1
CHECKED_DECLARATION HoffmanChromatic.Arithmetic HoffmanChromatic.mean7.eq_1
CHECKED_DECLARATION HoffmanChromatic.FiniteLaw HoffmanChromatic.FiniteLaw.mass_le_one
CHECKED_DECLARATION HoffmanChromatic.HandTypes HoffmanChromatic.log_typeDenom
CHECKED_DECLARATION HoffmanChromatic.Arithmetic HoffmanChromatic.rowRatio
CHECKED_DECLARATION HoffmanChromatic.Arithmetic HoffmanChromatic.H3.eq_1
CHECKED_DECLARATION HoffmanChromatic.DetectorIndex HoffmanChromatic.binary_top_choose._proof_1
COMPILER_RUNTIME_ONLY HoffmanChromatic.H2._cstage1
COMPILER_RUNTIME_ONLY HoffmanChromatic.handType0._closed_3._cstage2
CHECKED_DECLARATION HoffmanChromatic.BinomialMode HoffmanChromatic.binomial_uniform_upper._proof_2
CHECKED_DECLARATION HoffmanChromatic.SharpParameters HoffmanChromatic.tailA7.eq_1
CHECKED_DECLARATION HoffmanChromatic.TypeGrowth HoffmanChromatic.fixed_type_exponential_margin._proof_1
CHECKED_DECLARATION HoffmanChromatic.Arithmetic HoffmanChromatic.E7
COMPILER_RUNTIME_ONLY Finset.sum._at.HoffmanChromatic.recordN._spec_1._rarg._closed_1._cstage2
CHECKED_DECLARATION HoffmanChromatic.StirlingBounds HoffmanChromatic.log_factorial_multiple_rate._proof_3
CHECKED_DECLARATION HoffmanChromatic.Geometry HoffmanChromatic.sqNorm
COMPILER_RUNTIME_ONLY HoffmanChromatic.A6._cstage1
CHECKED_DECLARATION HoffmanChromatic.DirectStatements HoffmanChromatic.Direct.direct_subsequence
COMPILER_RUNTIME_ONLY HoffmanChromatic.realE6._cstage2
COMPILER_RUNTIME_ONLY HoffmanChromatic.recordN._rarg._cstage2
CHECKED_DECLARATION HoffmanChromatic.BinomialPolynomial HoffmanChromatic.binomialMassZ_le_one
CHECKED_DECLARATION HoffmanChromatic.Uniform HoffmanChromatic.uniform_chromatic._proof_2
COMPILER_RUNTIME_ONLY Finset.sum._at.HoffmanChromatic.recordN._spec_1._rarg._cstage2
CHECKED_DECLARATION HoffmanChromatic.BinomialEntropy HoffmanChromatic.binomialMass
CHECKED_DECLARATION HoffmanChromatic.RateBracket HoffmanChromatic.logarithmicRate_numeric_bound
CHECKED_DECLARATION HoffmanChromatic.NewtonData _private.HoffmanChromatic.NewtonData.0.HoffmanChromatic.newton_entry_7_1_4
CHECKED_DECLARATION HoffmanChromatic.TypeChromatic HoffmanChromatic.countA6.eq_1
CHECKED_DECLARATION HoffmanChromatic.FiniteLaw HoffmanChromatic.FiniteLaw.chebyshev_event
COMPILER_RUNTIME_ONLY Finset.sum._at.HoffmanChromatic.recordN._spec_1._cstage2
CHECKED_DECLARATION HoffmanChromatic.NewtonData _private.HoffmanChromatic.NewtonData.0.HoffmanChromatic.newton_entry_6_4_4
CHECKED_DECLARATION HoffmanChromatic.NewtonData _private.HoffmanChromatic.NewtonData.0.HoffmanChromatic.newton_entry_7_5_2
CHECKED_DECLARATION HoffmanChromatic.SeriesBridge HoffmanChromatic.signedPower
CHECKED_DECLARATION HoffmanChromatic.DetectorIndex HoffmanChromatic.binomialExpansion
CHECKED_DECLARATION HoffmanChromatic.InteriorCertificates _private.HoffmanChromatic.InteriorCertificates.0.HoffmanChromatic.rate_seven_055
COMPILER_RUNTIME_ONLY HoffmanChromatic.realPoint._rarg._cstage2
CHECKED_DECLARATION HoffmanChromatic.MixturePolynomial HoffmanChromatic.mixturePolynomial.eq_1
COMPILER_RUNTIME_ONLY HoffmanChromatic.fullWeights01.match_1._cstage1
COMPILER_RUNTIME_ONLY Multiset.sum._at.HoffmanChromatic.FiniteLaw.sumObs._spec_2._cstage2
CHECKED_DECLARATION HoffmanChromatic.EuclideanBridge HoffmanChromatic.finite_detector_obstruction
CHECKED_DECLARATION HoffmanChromatic.Arithmetic HoffmanChromatic.subsequence_A_lower
CHECKED_DECLARATION HoffmanChromatic.NewtonData _private.HoffmanChromatic.NewtonData.0.HoffmanChromatic.newton_entry_7_5_6
COMPILER_RUNTIME_ONLY HoffmanChromatic.binomialBasis._cstage1
CHECKED_DECLARATION HoffmanChromatic.DetectorIndex HoffmanChromatic.binomial_transform_prescribed._proof_5
COMPILER_RUNTIME_ONLY _private.HoffmanChromatic.SaddlePoint.0.HoffmanChromatic.fullWeights01.match_1.splitter._cstage1
CHECKED_DECLARATION HoffmanChromatic.SeriesBridge HoffmanChromatic.onePlusUnit
COMPILER_RUNTIME_ONLY HoffmanChromatic.realPoint._cstage1
COMPILER_RUNTIME_ONLY HoffmanChromatic.mean7._closed_2._cstage2
CHECKED_DECLARATION HoffmanChromatic.TypeLogBound HoffmanChromatic.typeEnergy.eq_1
CHECKED_DECLARATION HoffmanChromatic.Counting HoffmanChromatic.profile_sum_eq_weighted_coefficients
CHECKED_DECLARATION HoffmanChromatic.DetectorIndex HoffmanChromatic.binary_top_choose._proof_5
CHECKED_DECLARATION HoffmanChromatic.Arithmetic HoffmanChromatic.mean7
COMPILER_RUNTIME_ONLY HoffmanChromatic.rho._cstage1
COMPILER_RUNTIME_ONLY HoffmanChromatic.intervalLetter._cstage2
CHECKED_DECLARATION HoffmanChromatic.UniformEntropy HoffmanChromatic.massEntropy_concave_fixed_mass
CHECKED_DECLARATION HoffmanChromatic.UniformRate HoffmanChromatic.uniform_rate_from_brackets
COMPILER_RUNTIME_ONLY HoffmanChromatic.rowRatio._closed_7._cstage2
COMPILER_RUNTIME_ONLY HoffmanChromatic.binomialTransform._lambda_1._cstage2
CHECKED_DECLARATION HoffmanChromatic.SharpCertificates _private.HoffmanChromatic.SharpCertificates.0.HoffmanChromatic.log_seven_left_A_x
CHECKED_DECLARATION HoffmanChromatic.MultinomialRate HoffmanChromatic.multinomial_log_rate._proof_2
COMPILER_RUNTIME_ONLY RingHom.id._at.HoffmanChromatic.binomialTransform._spec_1
CHECKED_DECLARATION HoffmanChromatic.SphericalLayer HoffmanChromatic.letterWeight
CHECKED_DECLARATION HoffmanChromatic.FiniteLaw HoffmanChromatic.FiniteLaw.nonneg
CHECKED_DECLARATION HoffmanChromatic.DetectorIndex HoffmanChromatic.binary_top_choose._proof_15
CHECKED_DECLARATION HoffmanChromatic.Alphabets HoffmanChromatic.rank_six_count
CHECKED_DECLARATION HoffmanChromatic.SharpCrossing HoffmanChromatic.rateDelta_six
CHECKED_DECLARATION HoffmanChromatic.RateConcavity HoffmanChromatic.logarithmicRate01_bddBelow
CHECKED_DECLARATION HoffmanChromatic.HandTypes HoffmanChromatic.handType2.eq_1
CHECKED_DECLARATION HoffmanChromatic.FiniteLaw HoffmanChromatic.FiniteLaw.mass_union_le
CHECKED_DECLARATION HoffmanChromatic.DetectorIndex HoffmanChromatic.binary_top_choose._proof_10
COMPILER_RUNTIME_ONLY Finset.sum._at.HoffmanChromatic.sqDistance._spec_1._cstage2
COMPILER_RUNTIME_ONLY Submodule.span._at.HoffmanChromatic.binomialSpan._spec_1
COMPILER_RUNTIME_ONLY HoffmanChromatic.H2._cstage2
COMPILER_RUNTIME_ONLY HoffmanChromatic.recordValue._rarg._cstage2
CHECKED_DECLARATION HoffmanChromatic.DimensionCover HoffmanChromatic.chromaticLowerBound_dimension_mono
CHECKED_DECLARATION HoffmanChromatic.MultinomialCount HoffmanChromatic.power_linear_coefficient_pos
CHECKED_DECLARATION HoffmanChromatic.DetectorIndex HoffmanChromatic.binomial_span_eq_shifted._proof_3
CHECKED_DECLARATION HoffmanChromatic.Geometry HoffmanChromatic.layer_rho_spec._proof_1
CHECKED_DECLARATION HoffmanChromatic.SphericalLayer HoffmanChromatic.SphericalLayer
CHECKED_DECLARATION HoffmanChromatic.Counting HoffmanChromatic.weightPolynomial
CHECKED_DECLARATION HoffmanChromatic.SharpCertificates _private.HoffmanChromatic.SharpCertificates.0.HoffmanChromatic.log_seven_left_E_Z
CHECKED_DECLARATION HoffmanChromatic.Subsequence HoffmanChromatic.subsequence_chromatic
CHECKED_DECLARATION HoffmanChromatic.Detector HoffmanChromatic.detector_choose_even._proof_1
CHECKED_DECLARATION HoffmanChromatic.Arithmetic HoffmanChromatic.A7.eq_1
CHECKED_DECLARATION HoffmanChromatic.MultinomialRate HoffmanChromatic.log_multinomial
CHECKED_DECLARATION HoffmanChromatic.NewtonData _private.HoffmanChromatic.NewtonData.0.HoffmanChromatic.newton_entry_7_1_6
CHECKED_DECLARATION HoffmanChromatic.FiniteLaw HoffmanChromatic.FiniteLaw.chebyshev._proof_1
CHECKED_DECLARATION HoffmanChromatic.DetectorIndex HoffmanChromatic.HasShiftedBinomialDetector.eq_1
CHECKED_DECLARATION HoffmanChromatic.HandTypes HoffmanChromatic.hand_type_energies
CHECKED_DECLARATION HoffmanChromatic.SharpCertificates _private.HoffmanChromatic.SharpCertificates.0.HoffmanChromatic.log_six_right_A_Z
CHECKED_DECLARATION HoffmanChromatic.Geometry HoffmanChromatic.sqDistance.eq_1
CHECKED_DECLARATION HoffmanChromatic.SharpParameters HoffmanChromatic.realE7.eq_1
CHECKED_DECLARATION HoffmanChromatic.UniformCoefficient HoffmanChromatic.uniform_coefficient_bounds
COMPILER_RUNTIME_ONLY HoffmanChromatic.handType1._closed_1._cstage2
CHECKED_DECLARATION HoffmanChromatic.MixedCover HoffmanChromatic.mixed_hand_cover._proof_8
CHECKED_DECLARATION HoffmanChromatic.DetectorIndex HoffmanChromatic.minimum_detector_coefficient._proof_3
COMPILER_RUNTIME_ONLY HoffmanChromatic.detectorCoefficient._cstage2
CHECKED_DECLARATION HoffmanChromatic.EuclideanBridge HoffmanChromatic.scaledPoint_unit_distance._proof_2
CHECKED_DECLARATION HoffmanChromatic.MixtureUpper HoffmanChromatic.binomial_mixture_uniform_upper
COMPILER_RUNTIME_ONLY HoffmanChromatic.sevenWeight._closed_1._cstage2
CHECKED_DECLARATION HoffmanChromatic.Alphabets HoffmanChromatic.countE7.eq_1
COMPILER_RUNTIME_ONLY HoffmanChromatic.tau._cstage2
CHECKED_DECLARATION HoffmanChromatic.NewtonData _private.HoffmanChromatic.NewtonData.0.HoffmanChromatic.newton_entry_7_1_3
CHECKED_DECLARATION HoffmanChromatic.Targets HoffmanChromatic.SubsequenceTarget._proof_11
CHECKED_DECLARATION HoffmanChromatic.NewtonData _private.HoffmanChromatic.NewtonData.0.HoffmanChromatic.newton_entry_7_0_5
CHECKED_DECLARATION HoffmanChromatic.NewtonData _private.HoffmanChromatic.NewtonData.0.HoffmanChromatic.newton_entry_6_5_0
CHECKED_DECLARATION HoffmanChromatic.Arithmetic HoffmanChromatic.subsequence_margin
COMPILER_RUNTIME_ONLY Finset.sum._at.HoffmanChromatic.recordR._spec_1._rarg._cstage2
CHECKED_DECLARATION HoffmanChromatic.Detector HoffmanChromatic.detector_choose_even._proof_2
CHECKED_DECLARATION HoffmanChromatic.FiniteProduct HoffmanChromatic.FiniteLaw.variance_le_sq_of_bounds
CHECKED_DECLARATION HoffmanChromatic.SharpParameters HoffmanChromatic.partition01_E7
CHECKED_DECLARATION HoffmanChromatic.SeriesBridge HoffmanChromatic.signedPower_detector._proof_1
CHECKED_DECLARATION HoffmanChromatic.NewtonData _private.HoffmanChromatic.NewtonData.0.HoffmanChromatic.newton_entry_6_1_5
CHECKED_DECLARATION HoffmanChromatic.Targets HoffmanChromatic.unitDistanceGraph
CHECKED_DECLARATION HoffmanChromatic.DetectorIndex HoffmanChromatic.shiftedBinomialBasis.eq_1
CHECKED_DECLARATION HoffmanChromatic.DetectorIndex HoffmanChromatic.minimumDetectorIndex.eq_1
CHECKED_DECLARATION HoffmanChromatic.WeightedCoefficient HoffmanChromatic.weightedCount_uniform_bound._proof_1
CHECKED_DECLARATION HoffmanChromatic.SeriesBridge HoffmanChromatic.signedPower_nat
COMPILER_RUNTIME_ONLY HoffmanChromatic.recordValue._cstage2
CHECKED_DECLARATION HoffmanChromatic.UniformEntropy HoffmanChromatic.massEntropy.eq_1
CHECKED_DECLARATION HoffmanChromatic.LogEnclosure HoffmanChromatic.logError
COMPILER_RUNTIME_ONLY HoffmanChromatic.midpointCorrection._lambda_1._closed_1._cstage2
COMPILER_RUNTIME_ONLY _private.HoffmanChromatic.TiltedPolynomial.0.HoffmanChromatic.tiltedRecordLaw.match_1.splitter._cstage2
CHECKED_DECLARATION HoffmanChromatic.MixturePolynomial HoffmanChromatic.record_letter_product
CHECKED_DECLARATION HoffmanChromatic.InteriorCertificates _private.HoffmanChromatic.InteriorCertificates.0.HoffmanChromatic.log_interior_2_Z
CHECKED_DECLARATION HoffmanChromatic.InteriorCertificates _private.HoffmanChromatic.InteriorCertificates.0.HoffmanChromatic.rate_seven_068
CHECKED_DECLARATION HoffmanChromatic.Alphabets HoffmanChromatic.weightedCount_pos
CHECKED_DECLARATION HoffmanChromatic.DetectorIndex HoffmanChromatic.binary_top_choose._proof_6
COMPILER_RUNTIME_ONLY HoffmanChromatic.handType2._closed_3._cstage2
CHECKED_DECLARATION HoffmanChromatic.SaddlePoint HoffmanChromatic.fullWeights01.match_1
CHECKED_DECLARATION HoffmanChromatic.NewtonData _private.HoffmanChromatic.NewtonData.0.HoffmanChromatic.newton_entry_7_6_1
CHECKED_DECLARATION HoffmanChromatic.HandTypes HoffmanChromatic.hand_score_0
CHECKED_DECLARATION HoffmanChromatic.InteriorCertificates _private.HoffmanChromatic.InteriorCertificates.0.HoffmanChromatic.rate_six_042
COMPILER_RUNTIME_ONLY HoffmanChromatic.tiltedRecordLaw.match_1._cstage1
CHECKED_DECLARATION HoffmanChromatic.SharpCertificates _private.HoffmanChromatic.SharpCertificates.0.HoffmanChromatic.log_seven_left_A_Z
COMPILER_RUNTIME_ONLY HoffmanChromatic.realPoint._rarg._closed_1._cstage2
CHECKED_DECLARATION HoffmanChromatic.FiniteLaw HoffmanChromatic.FiniteLaw.shifted_second_moment
CHECKED_DECLARATION HoffmanChromatic.DetectorIndex HoffmanChromatic.minimum_detector_index_iff._proof_3
CHECKED_DECLARATION HoffmanChromatic.NewtonData _private.HoffmanChromatic.NewtonData.0.HoffmanChromatic.newton_entry_6_2_0
CHECKED_DECLARATION HoffmanChromatic.Arithmetic HoffmanChromatic.E7.eq_1
COMPILER_RUNTIME_ONLY HoffmanChromatic.tailE6._closed_1._cstage2
CHECKED_DECLARATION HoffmanChromatic.BinomialMode HoffmanChromatic.binomial_mode_central._proof_3
CHECKED_DECLARATION HoffmanChromatic.InteriorCertificates _private.HoffmanChromatic.InteriorCertificates.0.HoffmanChromatic.log_interior_2_s
CHECKED_DECLARATION HoffmanChromatic.FiniteProduct HoffmanChromatic.FiniteLaw.iid_mean_succ
CHECKED_DECLARATION HoffmanChromatic.SharpCertificates _private.HoffmanChromatic.SharpCertificates.0.HoffmanChromatic.log_seven_left_E_x
CHECKED_DECLARATION HoffmanChromatic.MixedCover HoffmanChromatic.mixed_hand_cover._proof_5
CHECKED_DECLARATION HoffmanChromatic.SharpParameters HoffmanChromatic.tailA7
CHECKED_DECLARATION HoffmanChromatic.DetectorIndex HoffmanChromatic.binomial_transform_prescribed._proof_6
CHECKED_DECLARATION HoffmanChromatic.FiniteLaw HoffmanChromatic.FiniteLaw.mean_const._proof_1
COMPILER_RUNTIME_ONLY HoffmanChromatic.mean7._closed_4._cstage2
CHECKED_DECLARATION HoffmanChromatic.RateCover HoffmanChromatic.partition01_mono
CHECKED_DECLARATION HoffmanChromatic.MixtureUpper HoffmanChromatic.small_count_scaled._proof_1
CHECKED_DECLARATION HoffmanChromatic.CoefficientRatio HoffmanChromatic.uniform_polynomial_chromatic_bound._proof_1
CHECKED_DECLARATION HoffmanChromatic.Arithmetic HoffmanChromatic.integer_witness_1
CHECKED_DECLARATION HoffmanChromatic.RateCover HoffmanChromatic.rateMinorant_le
CHECKED_DECLARATION HoffmanChromatic.BinomialMode HoffmanChromatic.binomial_mode_central._proof_2
CHECKED_DECLARATION HoffmanChromatic.Targets HoffmanChromatic.unitDistanceGraph._proof_1
CHECKED_DECLARATION HoffmanChromatic.MixedCover HoffmanChromatic.mixed_hand_cover._proof_1
CHECKED_DECLARATION HoffmanChromatic.Geometry HoffmanChromatic.sqDistance_eq_zero_iff
CHECKED_DECLARATION HoffmanChromatic.NewtonData _private.HoffmanChromatic.NewtonData.0.HoffmanChromatic.newton_entry_7_1_2
CHECKED_DECLARATION HoffmanChromatic.Alphabets HoffmanChromatic.alphabet_seven_count
CHECKED_DECLARATION HoffmanChromatic.DimensionCover HoffmanChromatic.zeroExtend._proof_1
CHECKED_DECLARATION HoffmanChromatic.RateBracket HoffmanChromatic.logarithmicRate_slope
CHECKED_DECLARATION HoffmanChromatic.GibbsRate HoffmanChromatic.expLaw_moment
CHECKED_DECLARATION HoffmanChromatic.SharpCertificates HoffmanChromatic.logApprox.eq_1
COMPILER_RUNTIME_ONLY HoffmanChromatic.layerPoint._rarg._cstage2
CHECKED_DECLARATION HoffmanChromatic.NewtonData _private.HoffmanChromatic.NewtonData.0.HoffmanChromatic.newton_entry_7_3_6
CHECKED_DECLARATION HoffmanChromatic.LogEnclosure HoffmanChromatic.logTaylorSum
CHECKED_DECLARATION HoffmanChromatic.NewtonData _private.HoffmanChromatic.NewtonData.0.HoffmanChromatic.newton_entry_6_5_5
CHECKED_DECLARATION HoffmanChromatic.DetectorIndex HoffmanChromatic.binomialTransform._proof_1
COMPILER_RUNTIME_ONLY HoffmanChromatic.typeDenom._cstage2
CHECKED_DECLARATION HoffmanChromatic.SharpCrossing HoffmanChromatic.crossingRight._proof_3
COMPILER_RUNTIME_ONLY HoffmanChromatic.layerDetector._rarg._cstage2
CHECKED_DECLARATION HoffmanChromatic.Detector HoffmanChromatic.binaryDetector_spec
COMPILER_RUNTIME_ONLY Finset.sum._at.HoffmanChromatic.sqDistance._spec_1._rarg._cstage2
CHECKED_DECLARATION HoffmanChromatic.Targets HoffmanChromatic.ChromaticLowerBound
CHECKED_DECLARATION HoffmanChromatic.StirlingBounds HoffmanChromatic.log_factorial_multiple_rate
CHECKED_DECLARATION HoffmanChromatic.Arithmetic HoffmanChromatic.subsequence_ratio
CHECKED_DECLARATION HoffmanChromatic.NewtonData _private.HoffmanChromatic.NewtonData.0.HoffmanChromatic.newton_entry_7_4_2
CHECKED_DECLARATION HoffmanChromatic.MixturePolynomial _private.HoffmanChromatic.MixturePolynomial.0.HoffmanChromatic.recordLetterPolynomial.match_1.eq_2
CHECKED_DECLARATION HoffmanChromatic.Arithmetic HoffmanChromatic.row2_frequencies
CHECKED_DECLARATION HoffmanChromatic.DimensionCover HoffmanChromatic.dyadic_layer_cover
CHECKED_DECLARATION HoffmanChromatic.Arithmetic HoffmanChromatic.row4_frequencies
COMPILER_RUNTIME_ONLY Nat.cast._at.HoffmanChromatic.binaryDetector._spec_1._closed_2._cstage2
CHECKED_DECLARATION HoffmanChromatic.Subsequence HoffmanChromatic.sevenWeight.eq_1
CHECKED_DECLARATION HoffmanChromatic.MixturePolynomial HoffmanChromatic.recordR.eq_1
CHECKED_DECLARATION HoffmanChromatic.NewtonData _private.HoffmanChromatic.NewtonData.0.HoffmanChromatic.newton_entry_6_0_4
CHECKED_DECLARATION HoffmanChromatic.InteriorCertificates HoffmanChromatic.interior_minorant_1
CHECKED_DECLARATION HoffmanChromatic.FiniteLaw HoffmanChromatic.FiniteLaw.mean_sub
CHECKED_DECLARATION HoffmanChromatic.DetectorIndex HoffmanChromatic.binomialSpan
CHECKED_DECLARATION HoffmanChromatic.TiltedPolynomial HoffmanChromatic.tiltedRecordLaw._proof_3
CHECKED_DECLARATION HoffmanChromatic.Detector HoffmanChromatic.binaryDetector.eq_1
COMPILER_RUNTIME_ONLY HoffmanChromatic.recordN._cstage1
CHECKED_DECLARATION HoffmanChromatic.FiniteLaw HoffmanChromatic.FiniteLaw.mk
CHECKED_DECLARATION HoffmanChromatic.BinomialWindow HoffmanChromatic.binomial_central_bounds
COMPILER_RUNTIME_ONLY Finset.sum._at.HoffmanChromatic.midpointCorrection._spec_1._cstage2
CHECKED_DECLARATION HoffmanChromatic.BinomialPolynomial HoffmanChromatic.binomialMassZ_nat
CHECKED_DECLARATION HoffmanChromatic.SharpParameters HoffmanChromatic.count01_E6
CHECKED_DECLARATION HoffmanChromatic.LogEnclosure HoffmanChromatic.log_between_of_series
COMPILER_RUNTIME_ONLY HoffmanChromatic.handType2._closed_2._cstage2
COMPILER_RUNTIME_ONLY HoffmanChromatic.typeMass._cstage2
COMPILER_RUNTIME_ONLY HoffmanChromatic.recordN._cstage2
CHECKED_DECLARATION HoffmanChromatic.BinomialEntropy HoffmanChromatic.binomial_log_error_bounded
COMPILER_RUNTIME_ONLY HoffmanChromatic.handType2._closed_6._cstage2
CHECKED_DECLARATION HoffmanChromatic.SaddlePoint HoffmanChromatic.expMoment01_zero
COMPILER_RUNTIME_ONLY HoffmanChromatic.fullWeights01._rarg._cstage2
CHECKED_DECLARATION HoffmanChromatic.SphericalLayer HoffmanChromatic.layerDetector
CHECKED_DECLARATION HoffmanChromatic.Targets HoffmanChromatic.Crossing
COMPILER_RUNTIME_ONLY HoffmanChromatic.recordZero._cstage1
COMPILER_RUNTIME_ONLY HoffmanChromatic.binomialTransform._cstage2
CHECKED_DECLARATION HoffmanChromatic.InteriorCertificates _private.HoffmanChromatic.InteriorCertificates.0.HoffmanChromatic.log_six_042_Z
COMPILER_RUNTIME_ONLY HoffmanChromatic.tailE6._closed_3._cstage2
CHECKED_DECLARATION HoffmanChromatic.NewtonData _private.HoffmanChromatic.NewtonData.0.HoffmanChromatic.newton_entry_6_1_1
CHECKED_DECLARATION HoffmanChromatic.BinomialPolynomial HoffmanChromatic.binomial_central_bounds_Z._proof_1
CHECKED_DECLARATION HoffmanChromatic.SharpCertificates _private.HoffmanChromatic.SharpCertificates.0.HoffmanChromatic.rate_six_left_A
CHECKED_DECLARATION HoffmanChromatic.TiltedPolynomial HoffmanChromatic.tiltedRecordLaw.eq_1
CHECKED_DECLARATION HoffmanChromatic.DetectorIndex HoffmanChromatic.binomial_transform_annihilates._proof_3
CHECKED_DECLARATION HoffmanChromatic.NewtonData HoffmanChromatic.newtonExponent.match_1
CHECKED_DECLARATION HoffmanChromatic.FiniteLaw HoffmanChromatic.FiniteLaw.mean_mul_const._proof_1
COMPILER_RUNTIME_ONLY RingHom.id._at.HoffmanChromatic.binomialTransform._spec_1._cstage2
CHECKED_DECLARATION HoffmanChromatic.FiniteProduct HoffmanChromatic.FiniteLaw.iid.eq_1
CHECKED_DECLARATION HoffmanChromatic.Targets HoffmanChromatic.SubsequenceTarget
COMPILER_RUNTIME_ONLY HoffmanChromatic.recordR._cstage2
CHECKED_DECLARATION HoffmanChromatic.Counting HoffmanChromatic.profile_sum_eq_weighted_coefficients._proof_1
CHECKED_DECLARATION HoffmanChromatic.Geometry HoffmanChromatic.layer_rho_eq_zero_iff._proof_1
CHECKED_DECLARATION HoffmanChromatic.MixtureUpper HoffmanChromatic.small_count_mass
CHECKED_DECLARATION HoffmanChromatic.BinomialPolynomial HoffmanChromatic.binomialMassZ.eq_1
CHECKED_DECLARATION HoffmanChromatic.NewtonData _private.HoffmanChromatic.NewtonData.0.HoffmanChromatic.newton_entry_7_5_0
COMPILER_RUNTIME_ONLY HoffmanChromatic.fullWeights01._cstage1
COMPILER_RUNTIME_ONLY HoffmanChromatic.realE7._cstage1
CHECKED_DECLARATION HoffmanChromatic.SharpParameters HoffmanChromatic.seven_uniform_parameter_bound
CHECKED_DECLARATION HoffmanChromatic.Geometry HoffmanChromatic.distance_norm_dot
CHECKED_DECLARATION HoffmanChromatic.Geometry HoffmanChromatic.layer_row_exponent._proof_1
CHECKED_DECLARATION HoffmanChromatic.StirlingBounds HoffmanChromatic.logFactorialError
CHECKED_DECLARATION HoffmanChromatic.BinomialPolynomial HoffmanChromatic.binomialMass_le_one
COMPILER_RUNTIME_ONLY HoffmanChromatic.rho._cstage2
COMPILER_RUNTIME_ONLY HoffmanChromatic.mean7._closed_1._cstage2
CHECKED_DECLARATION HoffmanChromatic.TiltedPolynomial HoffmanChromatic.bernoulliParameter.eq_1
CHECKED_DECLARATION HoffmanChromatic.CoefficientRank HoffmanChromatic.product_separated
CHECKED_DECLARATION HoffmanChromatic.TiltedPolynomial HoffmanChromatic.tiltedRecordLaw._proof_2
COMPILER_RUNTIME_ONLY HoffmanChromatic.tailA6._closed_3._cstage2
CHECKED_DECLARATION HoffmanChromatic.HandTypes HoffmanChromatic.typeEntropy_denom
COMPILER_RUNTIME_ONLY HoffmanChromatic.tailE6._cstage2
CHECKED_DECLARATION HoffmanChromatic.UniformRate HoffmanChromatic.parameter_rate_identity._proof_1
COMPILER_RUNTIME_ONLY HoffmanChromatic.shiftedBinomialBasis._cstage1
CHECKED_DECLARATION HoffmanChromatic.NewtonData _private.HoffmanChromatic.NewtonData.0.HoffmanChromatic.newton_entry_6_2_5
CHECKED_DECLARATION HoffmanChromatic.TypeChromatic HoffmanChromatic.countA7.eq_1
COMPILER_RUNTIME_ONLY HoffmanChromatic.handType1._closed_5._cstage2
COMPILER_RUNTIME_ONLY Finset.sum._at.HoffmanChromatic.midpointCorrection._spec_1._rarg._cstage2
CHECKED_DECLARATION HoffmanChromatic.SphericalLayer HoffmanChromatic.layerLevel.eq_1
CHECKED_DECLARATION HoffmanChromatic.FiniteLaw HoffmanChromatic.FiniteLaw.mean_nonneg
CHECKED_DECLARATION HoffmanChromatic.RateCover HoffmanChromatic.rateDelta
CHECKED_DECLARATION HoffmanChromatic.DetectorIndex HoffmanChromatic.minimum_detector_index_iff._proof_4
CHECKED_DECLARATION HoffmanChromatic.Geometry HoffmanChromatic.layer_distance_even
CHECKED_DECLARATION HoffmanChromatic.FiniteProduct HoffmanChromatic.FiniteLaw.sumObs.eq_1
CHECKED_DECLARATION HoffmanChromatic.DetectorIndex HoffmanChromatic.detector_coefficient_expansion
CHECKED_DECLARATION HoffmanChromatic.BinomialPolynomial HoffmanChromatic.binomialMass_sum
CHECKED_DECLARATION HoffmanChromatic.SharpParameters HoffmanChromatic.tailA6.eq_1
CHECKED_DECLARATION HoffmanChromatic.HandTypes HoffmanChromatic.hand_score_1b
CHECKED_DECLARATION HoffmanChromatic.Geometry HoffmanChromatic.layer_rho_eq_zero_iff
CHECKED_DECLARATION HoffmanChromatic.Targets HoffmanChromatic.UniformTarget
CHECKED_DECLARATION HoffmanChromatic.SharpCertificates HoffmanChromatic.logEta.eq_1
CHECKED_DECLARATION HoffmanChromatic.Geometry HoffmanChromatic.midpointCorrection_nonneg
COMPILER_RUNTIME_ONLY HoffmanChromatic.E7._cstage1
CHECKED_DECLARATION HoffmanChromatic.DimensionCover HoffmanChromatic.zeroExtend
CHECKED_DECLARATION HoffmanChromatic.CoefficientEstimates HoffmanChromatic.weightedCount_eval_bound
CHECKED_DECLARATION HoffmanChromatic.FiniteLaw HoffmanChromatic.FiniteLaw.mean
CHECKED_DECLARATION HoffmanChromatic.BinomialMode HoffmanChromatic.binomialMass.eq_1
CHECKED_DECLARATION HoffmanChromatic.SeriesBridge HoffmanChromatic.row_series_identity
CHECKED_DECLARATION HoffmanChromatic.SharpCertificates _private.HoffmanChromatic.SharpCertificates.0.HoffmanChromatic.rate_six_right_E
CHECKED_DECLARATION HoffmanChromatic.MultinomialCount HoffmanChromatic.multinomial_le_layer_coefficient
CHECKED_DECLARATION HoffmanChromatic.CoefficientRank HoffmanChromatic.coeff_shifted_product
COMPILER_RUNTIME_ONLY HoffmanChromatic.typeEnergy._cstage2
COMPILER_RUNTIME_ONLY HoffmanChromatic.midpointCorrection._cstage2
CHECKED_DECLARATION HoffmanChromatic.BinomialPolynomial HoffmanChromatic.bernoulliPolynomial_coeff_pow
CHECKED_DECLARATION HoffmanChromatic.TiltedPolynomial _private.HoffmanChromatic.TiltedPolynomial.0.HoffmanChromatic.recordLetterPolynomial.match_1.eq_2
CHECKED_DECLARATION HoffmanChromatic.FiniteProduct HoffmanChromatic.FiniteLaw.sum_fun_succ
COMPILER_RUNTIME_ONLY Multiset.sum._at.HoffmanChromatic.binomialExpansion._spec_2._lambda_1._cstage2
COMPILER_RUNTIME_ONLY HoffmanChromatic.typeMass._closed_2._cstage2
CHECKED_DECLARATION HoffmanChromatic.NewtonData _private.HoffmanChromatic.NewtonData.0.HoffmanChromatic.newton_entry_7_1_5
COMPILER_RUNTIME_ONLY HoffmanChromatic.handType2._closed_5._cstage2
CHECKED_DECLARATION HoffmanChromatic.EuclideanBridge HoffmanChromatic.realPoint.eq_1
CHECKED_DECLARATION HoffmanChromatic.InteriorCertificates _private.HoffmanChromatic.InteriorCertificates.0.HoffmanChromatic.log_interior_6_Z
CHECKED_DECLARATION HoffmanChromatic.CoefficientRank HoffmanChromatic.coefficientMatrix
CHECKED_DECLARATION HoffmanChromatic.Alphabets HoffmanChromatic.weightedCount.eq_1
CHECKED_DECLARATION HoffmanChromatic.Alphabets HoffmanChromatic.rankCount.eq_1
CHECKED_DECLARATION HoffmanChromatic.MixturePolynomial HoffmanChromatic.recordLetterPolynomial.match_1
CHECKED_DECLARATION HoffmanChromatic.CoordinateFactor HoffmanChromatic.coordinateW
COMPILER_RUNTIME_ONLY HoffmanChromatic.tailE7._closed_1._cstage2
CHECKED_DECLARATION HoffmanChromatic.DetectorIndex HoffmanChromatic.detector_nonzero_coefficient_le
COMPILER_RUNTIME_ONLY HoffmanChromatic.sqNorm._cstage1
CHECKED_DECLARATION HoffmanChromatic.BinomialPolynomial HoffmanChromatic.bernoulliPolynomial
COMPILER_RUNTIME_ONLY HoffmanChromatic.typeMass._closed_1._cstage2
CHECKED_DECLARATION HoffmanChromatic.MixturePolynomial HoffmanChromatic.mixturePolynomial_expansion
CHECKED_DECLARATION HoffmanChromatic.HandTypes HoffmanChromatic.handType0.eq_1
CHECKED_DECLARATION HoffmanChromatic.Alphabets HoffmanChromatic.countE7
COMPILER_RUNTIME_ONLY HoffmanChromatic.layerLevel._cstage1
CHECKED_DECLARATION HoffmanChromatic.CoefficientRank HoffmanChromatic.coeff_shifted_product._proof_2
CHECKED_DECLARATION HoffmanChromatic.UniformEntropy HoffmanChromatic.massEntropy_mul._proof_2
CHECKED_DECLARATION HoffmanChromatic.NewtonData _private.HoffmanChromatic.NewtonData.0.HoffmanChromatic.newton_entry_6_3_3
CHECKED_DECLARATION HoffmanChromatic.InteriorCertificates HoffmanChromatic.interior_minorant_6
CHECKED_DECLARATION HoffmanChromatic.UniformEntropy HoffmanChromatic.typeEntropy.eq_1
CHECKED_DECLARATION HoffmanChromatic.DetectorIndex HoffmanChromatic.binary_top_choose._proof_4
COMPILER_RUNTIME_ONLY Finset.sum._at.HoffmanChromatic.binomialExpansion._spec_1
CHECKED_DECLARATION HoffmanChromatic.Geometry HoffmanChromatic.midpointCorrection_even
CHECKED_DECLARATION HoffmanChromatic.Subsequence HoffmanChromatic.sevenWeight_values
CHECKED_DECLARATION HoffmanChromatic.FiniteLaw HoffmanChromatic.FiniteLaw.mean_mul_const._proof_2
CHECKED_DECLARATION HoffmanChromatic.Results HoffmanChromatic.rounded_euclidean_chromatic
CHECKED_DECLARATION HoffmanChromatic.GibbsRate HoffmanChromatic.expMean_monotone
CHECKED_DECLARATION HoffmanChromatic.UniformRate HoffmanChromatic.uniform_rate_from_brackets._proof_2
CHECKED_DECLARATION HoffmanChromatic.WeightedCoefficient HoffmanChromatic.uniform_weighted_coefficient_bound
COMPILER_RUNTIME_ONLY HoffmanChromatic.newtonW.match_1._cstage1
CHECKED_DECLARATION HoffmanChromatic.SharpCertificates HoffmanChromatic.logError.eq_1
CHECKED_DECLARATION HoffmanChromatic.InteriorCertificates _private.HoffmanChromatic.InteriorCertificates.0.HoffmanChromatic.log_interior_1_Z
CHECKED_DECLARATION HoffmanChromatic.BinomialMode HoffmanChromatic.binomial_mode_central._proof_8
CHECKED_DECLARATION HoffmanChromatic.MultinomialRate HoffmanChromatic.typeEntropy
COMPILER_RUNTIME_ONLY HoffmanChromatic.handType0._cstage2
COMPILER_RUNTIME_ONLY HoffmanChromatic.layerDetector._cstage1
CHECKED_DECLARATION HoffmanChromatic.MultinomialRate HoffmanChromatic.multinomial_log_rate._proof_1
CHECKED_DECLARATION HoffmanChromatic.UniformEntropy HoffmanChromatic.massEntropy_mul
CHECKED_DECLARATION HoffmanChromatic.SeriesBridge HoffmanChromatic.F2Series
COMPILER_RUNTIME_ONLY HoffmanChromatic.intervalLetter._cstage1
CHECKED_DECLARATION HoffmanChromatic.Geometry HoffmanChromatic.consecutive_product_nonneg._proof_1
COMPILER_RUNTIME_ONLY _private.HoffmanChromatic.MixturePolynomial.0.HoffmanChromatic.recordLetterPolynomial.match_1.splitter._rarg._cstage2
COMPILER_RUNTIME_ONLY HoffmanChromatic.tailA7._cstage2
CHECKED_DECLARATION HoffmanChromatic.TypeChromatic HoffmanChromatic.sevenWeight
CHECKED_DECLARATION HoffmanChromatic.InteriorCertificates _private.HoffmanChromatic.InteriorCertificates.0.HoffmanChromatic.log_seven_068_x
CHECKED_DECLARATION HoffmanChromatic.BinomialPolynomial HoffmanChromatic.binomial_central_bounds_Z
CHECKED_DECLARATION HoffmanChromatic.StirlingBounds HoffmanChromatic.log_nat_div_nat_tendsto_zero
CHECKED_DECLARATION HoffmanChromatic.UniformRate HoffmanChromatic.parameter_rate_identity._proof_2
CHECKED_DECLARATION HoffmanChromatic.DetectorIndex HoffmanChromatic.shiftedBinomialSpan
CHECKED_DECLARATION HoffmanChromatic.SharpParameters HoffmanChromatic.tailE6
COMPILER_RUNTIME_ONLY HoffmanChromatic.handType1._closed_3._cstage2
CHECKED_DECLARATION HoffmanChromatic.Alphabets HoffmanChromatic.countE6
COMPILER_RUNTIME_ONLY HoffmanChromatic.layerLevel._lambda_1._cstage2
CHECKED_DECLARATION HoffmanChromatic.BinomialWindow HoffmanChromatic.binomial_central_bounds._proof_1
COMPILER_RUNTIME_ONLY _private.HoffmanChromatic.TiltedPolynomial.0.HoffmanChromatic.recordLetterPolynomial.match_1.splitter._cstage1
CHECKED_DECLARATION HoffmanChromatic.Geometry HoffmanChromatic.layer_row_exponent
CHECKED_DECLARATION HoffmanChromatic.CoefficientEstimates HoffmanChromatic.natEval_sum
CHECKED_DECLARATION HoffmanChromatic.TiltedPolynomial HoffmanChromatic.tiltedRecord_polynomial
COMPILER_RUNTIME_ONLY Finset.sum._at.HoffmanChromatic.typeMass._spec_1._closed_1._cstage2
CHECKED_DECLARATION HoffmanChromatic.FiniteLaw HoffmanChromatic.FiniteLaw._sizeOf_inst
CHECKED_DECLARATION HoffmanChromatic.UniformRate HoffmanChromatic.seven_uniform_rate
COMPILER_RUNTIME_ONLY HoffmanChromatic.handType0._closed_6._cstage2
CHECKED_DECLARATION HoffmanChromatic.Arithmetic HoffmanChromatic.integer_witness_4
CHECKED_DECLARATION HoffmanChromatic.UniformRate HoffmanChromatic.uniform_rate_from_brackets._proof_4
COMPILER_RUNTIME_ONLY _private.HoffmanChromatic.TiltedPolynomial.0.HoffmanChromatic.tiltedRecordLaw.match_1.splitter._rarg._cstage2
COMPILER_RUNTIME_ONLY HoffmanChromatic.typeDenom._closed_1._cstage2
CHECKED_DECLARATION HoffmanChromatic.NewtonData HoffmanChromatic.newtonW
COMPILER_RUNTIME_ONLY Submodule.span._at.HoffmanChromatic.shiftedBinomialSpan._spec_1._cstage2
CHECKED_DECLARATION HoffmanChromatic.NewtonData _private.HoffmanChromatic.NewtonData.0.HoffmanChromatic.newton_entry_6_5_1
CHECKED_DECLARATION HoffmanChromatic.SharpCertificates HoffmanChromatic.crossing_base_log_bounds
CHECKED_DECLARATION HoffmanChromatic.FiniteProduct HoffmanChromatic.FiniteLaw.sumObs_centered
CHECKED_DECLARATION HoffmanChromatic.Geometry HoffmanChromatic.row_exponent_identity
CHECKED_DECLARATION HoffmanChromatic.NewtonData _private.HoffmanChromatic.NewtonData.0.HoffmanChromatic.newton_entry_7_4_3
PASS: dynamically checked 871 mathematical declarations; 730 theorems (including generated equations), 138 definitions. Only propext, Classical.choice and Quot.sound; no unsafe declaration or project-local axiom in the mathematical dependency closure. 267 compiler runtime staging declarations are outside this closure.
